0,0.467615992,0.035493325,0.511588275,0.424448997,13.9896307,2.628453016
0.01,0.465197682,0.035409678,0.509306073,0.42700842,14.3234024,2.575078726
0.02,0.462579489,0.035311021,0.50684005,0.419056207,14.57399368,2.518890142
0.03,0.459757924,0.035197444,0.504186213,0.408737153,14.75012398,2.462496996
0.04,0.456878722,0.034903698,0.50129962,0.406175017,14.84416008,2.433296919
0.05,0.453650594,0.034744751,0.498294771,0.392675012,14.89628696,2.384600878
0.06,0.45031932,0.03443215,0.495107234,0.398757935,14.87150288,2.346362114
0.07,0.44666937,0.034231562,0.49177748,0.398925662,14.82237053,2.29680872
0.08,0.442976505,0.033966299,0.488314509,0.409567714,14.7198391,2.258697033
0.09,0.43889758,0.03372933,0.484713495,0.424191624,14.59800911,2.213150978
0.1,0.434769303,0.03342437,0.480949968,0.441217959,14.43775749,2.187806129
0.11,0.430254489,0.033148851,0.477124989,0.457595229,14.25605869,2.147893429
0.12,0.425763518,0.032868173,0.473095924,0.477688581,14.0210247,2.128022671
0.13,0.420815736,0.032554865,0.469096333,0.484748155,13.77589321,2.096660137
0.14,0.4159123,0.032247089,0.464894325,0.476841092,13.47304535,2.10213542
0.15,0.410533249,0.031894334,0.460784256,0.453327805,13.13913536,2.088088274
0.16,0.405293912,0.031593189,0.456384897,0.43526274,12.7322979,2.086356878
0.17,0.399495512,0.031200735,0.452229917,0.384723306,12.31815624,2.068850756
0.18,0.393896282,0.030942893,0.447754472,0.335239351,11.85292053,2.081785202
0.19,0.387698293,0.030516859,0.443605632,0.307997316,11.3960886,2.070300341
0.2,0.381751686,0.030297548,0.439103574,0.290989667,10.89705086,2.07815361
0.21,0.375175565,0.029843777,0.435026675,0.280976534,10.39381695,2.065522194
0.22,0.368955046,0.029680006,0.430472314,0.284338504,9.838849068,2.068032503
0.23,0.362030655,0.029200684,0.426529437,0.289558887,9.300960541,2.056648016
0.24,0.35555613,0.029090963,0.422037005,0.285777777,8.724700928,2.060719728
0.25,0.348323107,0.028588884,0.418263346,0.267255932,8.170875549,2.044973612
0.26,0.341569752,0.028527472,0.413914621,0.257773668,7.565382481,2.039503336
0.27,0.334068328,0.02800872,0.41032505,0.245501608,6.988132477,2.014262676
0.28,0.32705766,0.027923463,0.406168163,0.217177123,6.359211922,2.000010967
0.29,0.319894671,0.026364593,0.403244615,0.252936155,5.724115372,1.903995752
0.3,0.312114924,0.026110454,0.400099367,0.219053492,5.109334469,1.871785283
0.31,0.305347353,0.024722511,0.39673993,0.215820983,4.494233608,1.799285173
0.32,0.296702951,0.024961781,0.393923312,0.178218067,3.898649216,1.766025305
0.33,0.28966701,0.023462046,0.390740812,0.164038509,3.310253382,1.697487831
0.34,0.280917883,0.023876464,0.38830322,0.10695523,2.722378492,1.683846951
0.35,0.273706406,0.02235572,0.385377824,0.048457921,2.136483908,1.68118763
0.36,0.265477031,0.021731367,0.382810652,-0.010230971,1.562084079,1.675579071
0.37,0.25773254,0.020632451,0.379970789,-0.05203864,0.980061233,1.644726753
0.38,0.249463394,0.019998915,0.377609491,-0.09841305,0.41873306,1.629319787
0.39,0.241181448,0.019366566,0.375389725,-0.114206105,-0.145011142,1.619977832
0.4,0.232897773,0.018736262,0.373302102,-0.133038446,-0.696448445,1.617959142
0.41,0.22462292,0.018108619,0.371339381,-0.145277426,-1.243257523,1.616854191
0.42,0.216367677,0.017484251,0.369506598,-0.16496861,-1.794605851,1.616672635
0.43,0.208739504,0.016465051,0.366936088,-0.17425403,-2.377881527,1.616506457
0.44,0.200604528,0.015823679,0.365266025,-0.201086,-2.93476367,1.614567518
0.45,0.192794651,0.015015461,0.363303632,-0.206192866,-3.491956711,1.599742055
0.46,0.184797183,0.014371482,0.361811072,-0.234993786,-4.015554905,1.609871387
0.47,0.176870748,0.013733695,0.360413045,-0.264041483,-4.505841255,1.62495482
0.48,0.171460316,0.016620722,0.362586528,-0.440776348,-5.057039738,1.618533611
0.49,0.163798645,0.016199399,0.361587167,-0.475377202,-5.488686562,1.624951839
0.5,0.15726757,0.016521614,0.361207545,-0.534596682,-5.916190147,1.650201082
0.51,0.149832249,0.016159391,0.360391229,-0.552867115,-6.288362503,1.658568144
0.52,0.142508253,0.015810367,0.359635442,-0.558032691,-6.627993107,1.665697694
0.53,0.135301456,0.015474881,0.358934551,-0.53070271,-6.930974007,1.670312643
0.54,0.129896417,0.015408534,0.358524472,-0.487395763,-7.248371601,1.682393551
0.55,0.122991368,0.015113552,0.357933044,-0.401110321,-7.511210918,1.691153407
0.56,0.117277913,0.014909467,0.357459724,-0.305894732,-7.7748909,1.709827781
0.57,0.112330467,0.014416958,0.356014222,-0.21294181,-8.037548065,1.67234087
0.58,0.105876982,0.014132951,0.355416864,-0.136516064,-8.243908882,1.669300199
0.59,0.100613393,0.013191925,0.354145348,-0.057465941,-8.471453667,1.651642799
0.6,0.093885645,0.013873618,0.35393101,-0.058614157,-8.630811691,1.658473015
0.61,0.087889373,0.013612452,0.353351742,-0.051090837,-8.790902138,1.654577971
0.62,0.082935542,0.013712008,0.352951705,-0.067319222,-8.947003365,1.662022233
0.63,0.078655221,0.012543222,0.352030963,-0.071542114,-9.097822189,1.640828252
0.64,0.073159784,0.012288099,0.351437986,-0.099521637,-9.202311516,1.626565218
0.65,0.067821443,0.012038901,0.350839853,-0.125367925,-9.299535751,1.616275191
0.66,0.063187018,0.012624632,0.350712866,-0.186331987,-9.371538162,1.61313653
0.67,0.058185045,0.012423652,0.3501634,-0.185836717,-9.41805172,1.609943509
0.68,0.053346779,0.01223053,0.349623114,-0.167758182,-9.429031372,1.601687908
0.69,0.050287597,0.01092084,0.348302215,-0.064698651,-9.493518829,1.54423058
0.7,0.04613794,0.011788661,0.348276913,-0.04755092,-9.464302063,1.545046449
0.71,0.041876882,0.011591656,0.347693145,0.012565752,-9.415740967,1.540221453
0.72,0.03777669,0.011399256,0.347096354,0.054374088,-9.350231171,1.534014225
0.73,0.033838395,0.011210585,0.346498728,0.091070652,-9.284690857,1.533399701
0.74,0.030061331,0.011024944,0.345903188,0.102699414,-9.209117889,1.526902199
0.75,0.028396213,0.009536013,0.344134063,0.184955254,-9.227937698,1.485719204
0.76,0.025068669,0.009247533,0.343413174,0.160516351,-9.12978363,1.47565794
0.77,0.021897195,0.008960115,0.342677116,0.131483018,-9.012927055,1.466373444
0.78,0.019839607,0.01026667,0.343252659,0.010044563,-8.913233757,1.473118782
0.79,0.017725168,0.009689687,0.341824174,-0.041346837,-8.765519142,1.404047012
0.8,0.01249135,0.010274324,0.341184169,-0.095782205,-8.550473213,1.419963121
0.81,0.011450675,0.009054094,0.339870751,-0.126216739,-8.385202408,1.347834468
0.82,0.008374989,0.0100062,0.33951807,-0.163078606,-8.174725533,1.360023618
0.83,0.007594051,0.00877837,0.338219702,-0.164820433,-8.009736061,1.307380319
0.84,0.005338619,0.008603484,0.337377578,-0.161500245,-7.820673943,1.309397101
0.85,0.004289784,0.007752574,0.335889548,-0.13730301,-7.682499886,1.250558615
0.86,0.002561152,0.007582689,0.335108012,-0.115278803,-7.501085758,1.253336191
0.87,0.000965989,0.007417942,0.33434844,-0.088490069,-7.309796333,1.260664463
0.88,-0.00049966,0.007257824,0.333605915,-0.061062083,-7.115173817,1.276207209
0.89,-0.001840157,0.0071018,0.33287254,-0.045611709,-6.884609699,1.287631035
0.9,-0.003059576,0.006949428,0.332145542,-0.036472294,-6.62060833,1.296944499
0.91,-0.003221612,0.00612184,0.330428094,-0.001345024,-6.400387287,1.262521982
0.92,-0.00452651,0.008933235,0.331888556,-0.133841053,-6.072279453,1.309285879
0.93,-0.004101968,0.007662582,0.330827534,-0.122774549,-5.818012714,1.275646448
0.94,-0.005607382,0.009333655,0.330875874,-0.16822581,-5.539810658,1.318570137
0.95,-0.004871763,0.008066957,0.3299613,-0.149100259,-5.300203323,1.25874114
0.96,-0.006496963,0.009411804,0.329935521,-0.15271841,-5.043319702,1.299833417
0.97,-0.005569421,0.00808589,0.329133123,-0.10315156,-4.829043865,1.280751348
0.98,-0.007086493,0.009390931,0.329141855,-0.083843164,-4.596479416,1.32922411
0.99,-0.007351021,0.009394012,0.328714877,-0.041551959,-4.385750771,1.339698195
1,-0.007537609,0.009399997,0.328300923,0.004116703,-4.163780212,1.344613194
1.01,-0.007649418,0.009408054,0.327907711,0.041854326,-3.918222666,1.351928473
1.02,-0.007565621,0.009878343,0.327794909,0.048111789,-3.656193256,1.389420867
1.03,-0.007537677,0.009918008,0.327500492,0.063723907,-3.393348694,1.394152045
1.04,-0.007441838,0.010079221,0.327308267,0.055703968,-3.135849714,1.428876042
1.05,-0.00549389,0.008914422,0.32696119,0.111573599,-2.921566486,1.362354636
1.06,-0.005266207,0.008893366,0.326706737,0.129997939,-2.695095301,1.366109848
1.07,-0.004989379,0.008871359,0.326474339,0.163831055,-2.508438826,1.369044423
1.08,-0.006898162,0.009423986,0.326490819,0.168228686,-2.244285822,1.411984801
1.09,-0.00501981,0.008282375,0.325851977,0.233747259,-2.075421572,1.372737646
1.1,-0.004674624,0.008236428,0.325642526,0.246833265,-1.878977656,1.382496476
1.11,-0.003476006,0.007480917,0.324787498,0.284983814,-1.71572125,1.351438522
1.12,-0.00302027,0.007395839,0.32453692,0.286403835,-1.512206197,1.363666773
1.13,-0.002536653,0.007306509,0.324291497,0.27724719,-1.306441784,1.377320766
1.14,-0.002028636,0.007212905,0.324053347,0.249374807,-1.095422506,1.384321332
1.15,-0.00113999,0.006974423,0.323268443,0.224966735,-0.909263134,1.321157813
1.16,-0.005025716,0.008618818,0.32367903,0.116220891,-0.505181015,1.368501544
1.17,-0.004709299,0.00859354,0.32347545,0.090593182,-0.315784693,1.375388861
1.18,-0.004815416,0.009253288,0.323548377,0.057059169,-0.129665941,1.415753841
1.19,-0.002873793,0.007813697,0.323213011,0.093779445,-0.001511313,1.358555079
1.2,-0.004206661,0.008787475,0.323337436,0.088702932,0.110363416,1.404226303
1.21,-0.002381778,0.007401249,0.322873294,0.158920944,0.140736356,1.354936361
1.22,-0.003807272,0.008509687,0.323088825,0.192832306,0.187814459,1.386360765
1.23,-0.002033082,0.007150636,0.322559595,0.272508174,0.166695461,1.360121965
1.24,-0.003435984,0.008289914,0.322797745,0.295320392,0.189900741,1.398813963
1.25,-0.001686222,0.0069553,0.322237998,0.340101361,0.181768492,1.387313366
1.26,-0.003173257,0.008115237,0.322495073,0.303829193,0.257325202,1.425394535
1.27,-0.002910279,0.008053448,0.322355896,0.275811762,0.333700985,1.436641335
1.28,-0.002987939,0.00839546,0.322327852,0.211413339,0.440812647,1.472818613
1.29,-0.002747328,0.008341216,0.32218644,0.16211915,0.549383342,1.476198316
1.3,-0.002515022,0.008283569,0.322038233,0.11415799,0.64600563,1.473292947
1.31,-0.000617553,0.00680066,0.32144323,0.170337528,0.647086382,1.422506928
1.32,-0.002767927,0.007584115,0.321540445,0.124581233,0.760242403,1.456379533
1.33,-0.002578039,0.007462088,0.321367472,0.140891463,0.77546519,1.461551666
1.34,-0.002401118,0.007337478,0.321185797,0.148893252,0.782247484,1.459944844
1.35,-0.000757767,0.005830724,0.320485979,0.231876612,0.710401237,1.42919755
1.36,-0.000521046,0.005607578,0.320250779,0.238575637,0.6901232,1.425765514
1.37,-0.000296481,0.005380004,0.320038497,0.226763412,0.656010747,1.431611776
1.38,-0.003260639,0.006464345,0.320459515,0.103545949,0.787816763,1.458058596
1.39,-0.001888671,0.005132981,0.319921523,0.085052334,0.767948508,1.439654827
1.4,-0.001858396,0.004942371,0.319740534,0.010219173,0.791613162,1.431753755
1.41,-0.001231886,0.004178315,0.319090456,-0.048342209,0.793026209,1.404169202
1.42,-0.001189501,0.003937824,0.318855941,-0.130144089,0.815814435,1.392243505
1.43,-0.001165507,0.00372042,0.318646431,-0.190395758,0.826937973,1.378236413
1.44,-0.004863452,0.005471811,0.319346398,-0.339279413,0.976470768,1.40651679
1.45,-0.00509285,0.005379682,0.319221288,-0.35683772,0.952384889,1.392204404
1.46,-0.005338899,0.005293111,0.319095969,-0.362187833,0.907626331,1.377939224
1.47,-0.004298285,0.00377294,0.318654388,-0.276013315,0.777015567,1.340278625
1.48,-0.006480591,0.005026842,0.319096267,-0.297307074,0.737263262,1.364786386
1.49,-0.005428945,0.003559513,0.318771273,-0.21009928,0.602012813,1.325991035
1.5,-0.005709706,0.003421508,0.318648487,-0.165081233,0.479683578,1.311039925
1.51,-0.005358478,0.002628155,0.318079531,-0.115456447,0.330875218,1.267546177
1.52,-0.005620142,0.002468595,0.317923456,-0.107228562,0.219685927,1.257154107
1.53,-0.005886605,0.002310862,0.31778115,-0.119706407,0.145418063,1.249613762
1.54,-0.009291859,0.004075118,0.318564266,-0.23475869,0.220153555,1.279937625
1.55,-0.009746963,0.004032472,0.318526953,-0.267539561,0.192257017,1.269278526
1.56,-0.010416312,0.004473607,0.318716705,-0.321911454,0.191218048,1.289226055
1.57,-0.009280104,0.003057084,0.318652987,-0.310733169,0.170260578,1.23580575
1.58,-0.011492307,0.003846789,0.318889737,-0.339235216,0.179383591,1.257597804
1.59,-0.011977861,0.003813075,0.318892688,-0.334326476,0.11892315,1.242027402
1.6,-0.012659961,0.004025816,0.318997562,-0.320680022,0.023367325,1.255630255
1.61,-0.011510313,0.002752092,0.31882897,-0.243876234,-0.114959389,1.20121789
1.62,-0.013780118,0.003392901,0.319027394,-0.211945474,-0.226865008,1.213806272
1.63,-0.012819979,0.002102313,0.318724394,-0.135105386,-0.401859641,1.170000672
1.64,-0.013284282,0.002038017,0.318716794,-0.092291139,-0.52797842,1.150484204
1.65,-0.013740649,0.001975831,0.318711221,-0.060139898,-0.660528719,1.131567001
1.66,-0.014186843,0.00191515,0.318707347,-0.044303663,-0.764434814,1.114138365
1.67,-0.014620868,0.001855597,0.318702847,-0.058437008,-0.816771388,1.103239536
1.68,-0.015041351,0.001797187,0.318700016,-0.07795354,-0.861280501,1.084612489
1.69,-0.014442504,0.000861178,0.317973077,-0.068261914,-0.927913904,1.020575762
1.7,-0.018567909,0.00200125,0.318551779,-0.179275781,-0.766027629,1.032027006
1.71,-0.017788518,0.000692867,0.31811589,-0.18208307,-0.78387022,0.982088208
1.72,-0.018266661,0.000622238,0.318041444,-0.20165427,-0.791612625,0.967252254
1.73,-0.018731507,0.000555084,0.317957371,-0.207548931,-0.817131817,0.954325199
1.74,-0.021099474,0.001719356,0.318415016,-0.250248671,-0.810023665,0.972639143
1.75,-0.020183897,0.000608486,0.317841798,-0.206508532,-0.907139897,0.949339688
1.76,-0.022267835,0.001691904,0.318079919,-0.206014723,-0.974792898,0.958593428
1.77,-0.021340607,0.000466959,0.3176153,-0.157623678,-1.105227232,0.931929648
1.78,-0.021788727,0.000441737,0.317500323,-0.13904947,-1.221947074,0.912617803
1.79,-0.021457858,-0.000317893,0.316823661,-0.098119296,-1.345980763,0.881219327
1.8,-0.02182503,-0.000366086,0.316663146,-0.076522142,-1.431913853,0.868679285
1.81,-0.021786798,-0.000816062,0.316109747,-0.039567307,-1.528721333,0.839619339
1.82,-0.022072809,-0.00088165,0.31593731,-0.032854341,-1.57337594,0.834452927
1.83,-0.022332298,-0.000946234,0.315763742,-0.02485732,-1.600904942,0.826318085
1.84,-0.026066661,0.001014505,0.316510379,-0.152563497,-1.414708257,0.84065181
1.85,-0.025231564,-0.000274081,0.31610477,-0.143001497,-1.407513618,0.812722564
1.86,-0.025610076,-0.000248909,0.315970033,-0.170729935,-1.348872423,0.802853942
1.87,-0.025292259,-0.001006263,0.315369159,-0.161119372,-1.352096438,0.76239413
1.88,-0.027580529,0.000847103,0.315896809,-0.213196009,-1.311252832,0.774278522
1.89,-0.02792605,0.000907681,0.315797836,-0.21647948,-1.349951982,0.759262681
1.9,-0.026899219,-0.00056518,0.315408915,-0.168529883,-1.426763773,0.709348202
1.91,-0.027152153,-0.000558547,0.315302908,-0.127121687,-1.497516155,0.69490999
1.92,-0.026681596,-0.001449863,0.314760149,-0.047017228,-1.608131051,0.665265501
1.93,-0.026839668,-0.001483283,0.314619064,0.00277277,-1.685131073,0.655395567
1.94,-0.026969435,-0.001516007,0.314481527,0.033908013,-1.748583198,0.644126832
1.95,-0.027069567,-0.001548719,0.314351439,0.056694515,-1.78828454,0.635967553
1.96,-0.027138621,-0.001581893,0.314246297,0.060201865,-1.790952325,0.630046308
1.97,-0.027176591,-0.001615743,0.314154625,0.03864884,-1.75412333,0.622524798
1.98,-0.027184336,-0.001650112,0.314058334,0.007264175,-1.692757249,0.616931975
1.99,-0.027162418,-0.001684556,0.31396687,-0.030270476,-1.614577651,0.609980404
2,-0.026529463,-0.002503834,0.31349206,-0.030538354,-1.561282277,0.576903164
2.01,-0.026402507,-0.002594165,0.313385516,-0.058439575,-1.497643232,0.566602647
2.02,-0.026249209,-0.002683467,0.313285202,-0.086564139,-1.433204293,0.557673633
2.03,-0.026070736,-0.002771277,0.313188672,-0.10306222,-1.39306581,0.545630991
2.04,-0.025940137,-0.0027321,0.31311655,-0.118480206,-1.362410665,0.517301023
2.05,-0.025719507,-0.002806815,0.313030869,-0.115650706,-1.334038854,0.509691715
2.06,-0.025606185,-0.002744829,0.313069373,-0.134416923,-1.323124051,0.47218433
2.07,-0.025349263,-0.002804313,0.313014537,-0.147951141,-1.324509621,0.468560606
2.08,-0.025214495,-0.00274988,0.313127697,-0.170796022,-1.31275034,0.453093797
2.09,-0.024923379,-0.002794227,0.313084066,-0.197599292,-1.28457284,0.450522184
2.1,-0.024610197,-0.002835276,0.313033581,-0.229251772,-1.240648508,0.452613652
2.11,-0.0242752,-0.002872451,0.312993616,-0.260727793,-1.187835217,0.454784542
2.12,-0.023919363,-0.002905243,0.312957942,-0.281842351,-1.126147389,0.456149131
2.13,-0.023543803,-0.002933245,0.312919438,-0.291974843,-1.050359845,0.454910278
2.14,-0.023149583,-0.002956169,0.31288442,-0.300809532,-0.984887719,0.455140561
2.15,-0.022737976,-0.002973876,0.312849879,-0.31199646,-0.911933422,0.451412469
2.16,-0.022310201,-0.002986222,0.312813163,-0.320402235,-0.842785239,0.454281986
2.17,-0.021867363,-0.002993,0.312782288,-0.316825539,-0.786447406,0.44889757
2.18,-0.028689399,-0.000745347,0.314581186,-0.483736068,-0.457942694,0.495668411
2.19,-0.028580593,-0.000532263,0.314723432,-0.465703338,-0.421727449,0.491565973
2.2,-0.028400045,-5.07E-05,0.315143555,-0.444693089,-0.405418038,0.520842612
2.21,-0.028276686,0.00019515,0.315315604,-0.398301363,-0.394410878,0.511801064
2.22,-0.027816379,0.000393078,0.31546554,-0.330598086,-0.424223453,0.532848239
2.23,-0.027677378,0.000648222,0.315667123,-0.262603402,-0.490253866,0.525996387
2.24,-0.027224336,0.000719695,0.315692514,-0.169813171,-0.591606855,0.554365993
2.25,-0.027069131,0.000966942,0.315876365,-0.086392634,-0.689903855,0.54152137
2.26,-0.026643731,0.000929134,0.315797895,0.013610538,-0.77594167,0.54578048
2.27,-0.026467936,0.001152343,0.315948546,0.090049975,-0.836590767,0.538102865
2.28,-0.02608506,0.001029125,0.315806746,0.172301486,-0.864566863,0.556814432
2.29,-0.025885414,0.001216949,0.315923005,0.202826127,-0.867520571,0.550590634
2.3,-0.025583319,0.001032064,0.315756798,0.255940735,-0.836925924,0.570423961
2.31,-0.025360644,0.001179724,0.315805972,0.272187412,-0.781737864,0.559826672
2.32,-0.02499092,0.000974824,0.315635711,0.291165888,-0.721547723,0.573112309
2.33,-0.024481669,0.000816356,0.315504521,0.293617845,-0.671806455,0.5831635
2.34,-0.022439789,-0.000825913,0.317276388,0.354534358,-0.658421814,0.528792381
2.35,-0.024004722,-0.000966578,0.317210048,0.354640841,-0.616510212,0.539681017
2.36,-0.021997821,-0.001967642,0.31682831,0.376404762,-0.650044858,0.497167259
2.37,-0.023567373,-0.001616822,0.316841662,0.365824997,-0.645968318,0.497520715
2.38,-0.021812536,-0.002745801,0.316360831,0.354058832,-0.694452643,0.456935316
2.39,-0.023010649,-0.001963513,0.316529989,0.316118568,-0.690735757,0.461032093
2.4,-0.021349372,-0.003108453,0.316029131,0.291693747,-0.760175824,0.456092894
2.41,-0.022339135,-0.002177501,0.316275299,0.214545518,-0.731426716,0.466713786
2.42,-0.022019463,-0.002261798,0.316173196,0.145857662,-0.703217804,0.459017664
2.43,-0.021687595,-0.002349074,0.316061646,0.07367,-0.635646582,0.455611259
2.44,-0.019837888,-0.003620679,0.315412253,0.044898424,-0.641713619,0.442103446
2.45,-0.02080361,-0.002597003,0.315657824,-0.034986127,-0.507725179,0.458019346
2.46,-0.019071184,-0.003947587,0.315228075,-0.03686507,-0.472714633,0.432570159
2.47,-0.018641004,-0.00407163,0.315095931,-0.061235864,-0.417237997,0.433109224
2.48,-0.017503558,-0.004810611,0.314423352,-0.056126881,-0.397827357,0.425315022
2.49,-0.019124854,-0.0031165,0.314940542,-0.112284891,-0.295125425,0.44844234
2.5,-0.018726286,-0.003211454,0.314857185,-0.115763068,-0.281154186,0.452636987
2.51,-0.018339889,-0.002708662,0.314999342,-0.140761882,-0.265615493,0.476841778
2.52,-0.01645097,-0.004062758,0.314727783,-0.120173812,-0.275287509,0.481499285
2.53,-0.017422829,-0.003166523,0.31499064,-0.145597905,-0.236713022,0.499473572
2.54,-0.017012609,-0.00324537,0.314938873,-0.145902619,-0.233175442,0.502529204
2.55,-0.016598409,-0.0033217,0.314882159,-0.154199496,-0.229435995,0.503332913
2.56,-0.014724341,-0.004603996,0.314313084,-0.129922643,-0.260238409,0.484229743
2.57,-0.015722329,-0.00358139,0.31467694,-0.207272589,-0.153746545,0.50467211
2.58,-0.015280544,-0.00367045,0.314641058,-0.238976806,-0.115709774,0.504047394
2.59,-0.01479195,-0.003763905,0.31461525,-0.281374604,-0.071332984,0.501065612
2.6,-0.01434611,-0.00384415,0.314599067,-0.330686182,-0.02106587,0.498824418
2.61,-0.013899525,-0.003919135,0.314585179,-0.368176073,0.023839589,0.49494344
2.62,-0.013453018,-0.003988106,0.31457594,-0.377679586,0.039019007,0.488994241
2.63,-0.013007113,-0.004050619,0.314578623,-0.355037481,0.036988713,0.482589871
2.64,-0.012561926,-0.004106731,0.314603329,-0.321024477,0.025689036,0.475972176
2.65,-0.01211733,-0.004156961,0.314647079,-0.294546783,0.033367414,0.475645125
2.66,-0.009496099,-0.005862839,0.313461721,-0.173246726,-0.079929784,0.463597983
2.67,-0.008885076,-0.006037665,0.313452244,-0.178332731,-0.075587936,0.463918149
2.68,-0.008272716,-0.006209393,0.313467294,-0.200884864,-0.039052706,0.464330256
2.69,-0.007659398,-0.006377806,0.313498229,-0.233829513,0.007315711,0.46672824
2.7,-0.006695033,-0.006522939,0.312990636,-0.294761866,0.080191582,0.43806693
2.71,-0.006057186,-0.006687228,0.313001156,-0.372406095,0.203765824,0.439628601
2.72,-0.005503862,-0.006644974,0.31292671,-0.44642961,0.309022099,0.404679388
2.73,-0.00488034,-0.006782168,0.312950104,-0.499640793,0.409089357,0.405425191
2.74,-0.004414421,-0.006690892,0.312973648,-0.545612335,0.508625388,0.39122498
2.75,-0.003817828,-0.006793709,0.312996715,-0.573429883,0.586871445,0.389146805
2.76,-0.003441731,-0.006646194,0.313108236,-0.572206974,0.643586457,0.363781869
2.77,-0.00288314,-0.006709329,0.313152969,-0.561853051,0.670255363,0.360901892
2.78,-0.00233591,-0.006762781,0.313202202,-0.535396814,0.676984847,0.360364527
2.79,-0.001800345,-0.006806859,0.313257337,-0.511280239,0.689632237,0.359610587
2.8,-0.00127649,-0.006842082,0.313308775,-0.495106936,0.679715395,0.353932679
2.81,-0.00076449,-0.006868704,0.313366741,-0.475997448,0.676111758,0.351672858
2.82,-0.000264351,-0.006886945,0.313441932,-0.49075973,0.713654757,0.351742566
2.83,0.000223819,-0.006896969,0.313518375,-0.507962108,0.769828558,0.342707336
2.84,0.000699294,-0.006898552,0.313591033,-0.519430697,0.815632582,0.32881856
2.85,-0.006483149,-0.004326409,0.31600818,-0.72460103,1.178970933,0.344884634
2.86,-0.006449388,-0.004079804,0.316288084,-0.725481212,1.240319014,0.326291472
2.87,-0.006435361,-0.003432868,0.317004293,-0.731540501,1.282513261,0.311752051
2.88,-0.006446034,-0.003136366,0.317330331,-0.682160318,1.262773037,0.290314376
2.89,-0.006101018,-0.002865337,0.317636371,-0.598463058,1.18248105,0.280276924
2.9,-0.006152352,-0.002548977,0.317957044,-0.492186755,1.054729223,0.259476304
2.91,-0.005822659,-0.002409761,0.318100601,-0.346689492,0.889412224,0.240863696
2.92,-0.005908953,-0.002093385,0.318397135,-0.210494593,0.70664835,0.220569283
2.93,-0.005737274,-0.002053855,0.318398684,-0.057174351,0.542315006,0.204618871
2.94,-0.005849467,-0.001756887,0.318635762,0.055123471,0.398462802,0.190982267
2.95,-0.005642354,-0.001773131,0.318545163,0.150042608,0.292195588,0.187523007
2.96,-0.005768916,-0.001507894,0.318705231,0.194058716,0.221126169,0.170351222
2.97,-0.005700822,-0.001596515,0.318532228,0.251855224,0.20038493,0.165926903
2.98,-0.005837709,-0.001370669,0.318612576,0.257715315,0.202959254,0.149382353
2.99,-0.005772141,-0.001495647,0.318417341,0.276137292,0.220006511,0.141844764
3,-0.005916826,-0.001309574,0.318433553,0.258101285,0.228578344,0.120038487
3.01,-0.005932952,-0.001435081,0.318248779,0.259935051,0.228732303,0.111806571
3.02,-0.006086175,-0.001283892,0.318210483,0.248883381,0.218094707,0.090321571
3.03,-0.006045931,-0.001436942,0.318046123,0.28009361,0.172580928,0.08255782
3.04,-0.003753156,-0.000475117,0.31531179,0.31035158,0.067274243,0.062176082
3.05,-0.00566034,-0.000428192,0.315054536,0.310182393,-0.019732032,0.058959283
3.06,-0.005710477,-0.000512432,0.314211458,0.135981515,-0.308359116,0.084646426
3.07,-0.005860499,-0.000418636,0.313920349,-0.378453642,-0.861149192,0.108491942
3.08,-0.00573519,-0.000338959,0.313437939,-1.293003321,-1.728347182,0.071234331
3.09,-0.005852965,-0.00022715,0.313153744,-2.613634825,-2.919522285,0.04877311
3.1,-0.005438734,0.000259383,0.31272909,-4.274495125,-4.364848137,-0.076469712
3.11,-0.005452472,0.000470881,0.312412411,-6.101418018,-5.953747272,-0.189577505
3.12,-0.004784759,0.001390311,0.312045127,-7.967970848,-7.580315113,-0.393995106
3.13,-0.004585516,0.001827582,0.311729968,-9.695853233,-9.141176224,-0.585505128
3.14,-0.004585516,0.001827582,0.311729968,-9.695853233,-9.141176224,-0.585505128
3.15,-0.002994275,0.004038782,0.311450541,-12.33763409,-11.63591576,-0.997393072
3.16,-0.002994275,0.004038782,0.311450541,-12.33763409,-11.63591576,-0.997393072
3.17,-0.001583807,0.00548201,0.311374754,-13.11818695,-12.48620033,-1.154481769
3.18,-0.000622563,0.006734512,0.311144501,-13.5074892,-13.04016018,-1.214837551
3.19,0.00099978,0.008502834,0.311093271,-13.62274933,-13.36366558,-1.195248127
3.2,0.002426717,0.010239626,0.310857505,-13.57400703,-13.52640057,-1.13019979
3.21,0.006356607,0.014560579,0.310517937,-13.47716236,-13.74538708,-0.932891428
3.22,0.010554756,0.016069258,0.30973953,-13.54828167,-13.95186329,-0.856250942
3.23,0.012986513,0.018689264,0.309364259,-13.85571384,-14.20984173,-0.827008784
3.24,0.012986513,0.018689264,0.309364259,-13.85571384,-14.20984173,-0.827008784
3.25,0.016974561,0.025517721,0.309039235,-14.99988651,-14.94323063,-0.87779355
3.26,0.020050853,0.0289142,0.308574945,-15.69507694,-15.42159176,-0.955787778
3.27,0.023385549,0.032573845,0.308063328,-16.36229706,-15.91351128,-1.04426682
3.28,0.023385549,0.032573845,0.308063328,-16.36229706,-15.91351128,-1.04426682
3.29,0.031390671,0.041190006,0.307413757,-17.33609581,-16.81529999,-1.189040542
3.3,0.031390671,0.041190006,0.307413757,-17.33609581,-16.81529999,-1.189040542
3.31,0.04035417,0.050823733,0.306481659,-17.51348877,-17.39128304,-1.228913665
3.32,0.04717242,0.055051222,0.305534363,-17.29625702,-17.56722832,-1.221441865
3.33,0.052332647,0.060485624,0.304843426,-16.99862289,-17.61751938,-1.155401707
3.34,0.053425517,0.059529327,0.304294854,-16.97842789,-17.66916847,-1.185217738
3.35,0.061915416,0.072453909,0.303054869,-16.17657852,-17.36767769,-0.898638427
3.36,0.069385782,0.077191569,0.301973224,-15.76622391,-17.1667099,-0.773500383
3.37,0.075737163,0.083729468,0.301104277,-15.42351532,-16.89972878,-0.62672621
3.38,0.076438233,0.082810834,0.300736189,-15.40994072,-16.93796921,-0.653588533
3.39,0.087343134,0.098383054,0.299408972,-14.85068798,-16.23242378,-0.296823233
3.4,0.094478995,0.105748236,0.298490703,-14.60176754,-15.9153204,-0.154563189
3.41,0.10189233,0.113375358,0.297553509,-14.35321522,-15.59868622,-0.02194305
3.42,0.111067727,0.119172163,0.296499252,-14.00660229,-15.32864285,0.083588801
3.43,0.119136199,0.127223164,0.295560271,-13.68882847,-14.9803915,0.207016498
3.44,0.119646959,0.126180679,0.295504838,-13.65496635,-15.01661205,0.177489042
3.45,0.133409932,0.144869387,0.294279814,-12.88149261,-14.08704662,0.498246849
3.46,0.143282458,0.151594594,0.293536186,-12.37576771,-13.63907909,0.598297477
3.47,0.152286023,0.160600945,0.292783827,-11.88372898,-13.14437485,0.714057505
3.48,0.152286023,0.160600945,0.292783827,-11.88372898,-13.14437485,0.714057505
3.49,0.168538347,0.180666998,0.292052448,-10.87811661,-11.98655987,0.980173171
3.5,0.178104043,0.190409169,0.291480124,-10.3727293,-11.43241978,1.062579989
3.51,0.187877059,0.200349793,0.290944815,-9.889792442,-10.88293552,1.135737062
3.52,0.187877059,0.200349793,0.290944815,-9.889792442,-10.88293552,1.135737062
3.53,0.207053557,0.220748186,0.289808601,-9.03909111,-9.755039215,1.29727304
3.54,0.217339799,0.231238574,0.289403945,-8.628529549,-9.227650642,1.324563026
3.55,0.228940114,0.237263128,0.291505754,-7.930574894,-8.763177872,1.281591296
3.56,0.228940114,0.237263128,0.291505754,-7.930574894,-8.763177872,1.281591296
3.57,0.247318774,0.258767188,0.290954381,-7.043105602,-7.698649883,1.35015285
3.58,0.247318774,0.258767188,0.290954381,-7.043105602,-7.698649883,1.35015285
3.59,0.269477874,0.277000785,0.292237043,-5.993094921,-6.73863554,1.363300204
3.6,0.280582786,0.287844509,0.292375356,-5.604482651,-6.263659477,1.376630902
3.61,0.29236728,0.29660365,0.292971522,-5.206260681,-5.787576199,1.366474748
3.62,0.30374071,0.30757007,0.293286264,-4.936487675,-5.29572773,1.375699282
3.63,0.315213948,0.318632692,0.293673694,-4.690538406,-4.803412437,1.371548653
3.64,0.315213948,0.318632692,0.293673694,-4.690538406,-4.803412437,1.371548653
3.65,0.332683653,0.342329919,0.29423067,-4.30267477,-3.584233284,1.435142994
3.66,0.348542422,0.357727438,0.297677964,-4.11758709,-3.120968819,1.441774249
3.67,0.348542422,0.357727438,0.297677964,-4.11758709,-3.120968819,1.441774249
3.68,0.359636098,0.366696388,0.301894814,-3.69174099,-2.682657719,1.369013667
3.69,0.382868946,0.389721751,0.304044455,-3.160139561,-2.013229847,1.258024216
3.7,0.394544572,0.401326776,0.305182427,-2.86010313,-1.738306761,1.195107818
3.71,0.406252563,0.4129861,0.306357265,-2.54584837,-1.487799644,1.126434088
3.72,0.416232973,0.425090015,0.307547182,-2.262640476,-1.185919166,1.087042451
3.73,0.427896172,0.436875165,0.308771998,-1.97006166,-0.949320793,1.021392584
3.74,0.43957743,0.448697597,0.310011804,-1.711357236,-0.700575531,0.96328789
3.75,0.441967547,0.445961088,0.308696747,-1.543383241,-0.850203037,0.89878583
3.76,0.455040336,0.458748549,0.30990085,-1.29370153,-0.590047777,0.844742835
3.77,0.461896122,0.470723003,0.309691101,-1.126699924,-0.176329657,0.865692079
3.78,0.474693447,0.483572483,0.310755879,-0.950245738,0.074631222,0.831294835
3.79,0.483405143,0.494905382,0.310695082,-0.807511508,0.387182891,0.826498747
3.8,0.494905561,0.506604731,0.311539382,-0.678985894,0.610523939,0.793685555
3.81,0.504754603,0.517856836,0.311497599,-0.494657487,0.860766709,0.770576596
3.82,0.516160011,0.529551983,0.312258184,-0.272428364,1.042751789,0.727113605
3.83,0.527549267,0.541253626,0.313014239,0.022249386,1.217334628,0.685831428
3.84,0.539516807,0.544556439,0.316998869,0.800736368,1.335836649,0.576262951
3.85,0.558337688,0.562888682,0.317762256,1.82275629,1.85836935,0.51047498
3.86,0.558337688,0.562888682,0.317762256,1.82275629,1.85836935,0.51047498
3.87,0.577185035,0.582314968,0.318656772,2.742105246,2.372195482,0.442700088
3.88,0.577185035,0.582314968,0.318656772,2.742105246,2.372195482,0.442700088
3.89,0.584312141,0.594958305,0.319355845,3.033765554,2.719993591,0.428334087
3.9,0.595156312,0.605745316,0.31992653,3.24695015,3.027023077,0.392883778
3.91,0.603813708,0.61713618,0.320560962,3.356628895,3.416405201,0.386374414
3.92,0.615796506,0.622748911,0.321558088,3.583324909,3.720673084,0.310888767
3.93,0.626450479,0.633225918,0.322043777,3.660303831,4.044023037,0.259119928
3.94,0.637040675,0.643642545,0.322497308,3.798104048,4.324494839,0.207175791
3.95,0.647560716,0.653995931,0.322935641,3.998844147,4.561796665,0.158233598
3.96,0.657557189,0.661466181,0.324668437,4.361230373,4.775213242,0.099697419
3.97,0.662077308,0.673768699,0.323804289,4.652501583,5.208528996,0.060247496
3.98,0.672215044,0.679659545,0.324744374,5.131315708,5.395100594,0.015238915
3.99,0.68205595,0.68953228,0.32518819,5.517663002,5.582417011,-0.010722003
4,0.691805303,0.699316025,0.325605482,5.882768154,5.760649204,-0.030060401
4.01,0.697003186,0.711140871,0.325776577,6.10546875,6.121267319,-0.087391265
4.02,0.706526577,0.715858996,0.326803595,6.476554394,6.286406517,-0.105848595
4.03,0.712510645,0.727359593,0.327545345,6.602375031,6.541304588,-0.14230223
4.04,0.722259402,0.732412934,0.327868938,6.799028397,6.693728447,-0.141343594
4.05,0.728324533,0.743708134,0.328825116,6.847703457,6.88961935,-0.208909467
4.06,0.737001121,0.75273037,0.329212368,6.912271976,7.008768559,-0.209209904
4.07,0.74556154,0.761637509,0.329568923,6.988352299,7.098524094,-0.206763998
4.08,0.754004776,0.770429075,0.329888642,7.079805374,7.166942596,-0.204730034
4.09,0.762328565,0.779102802,0.33017844,7.216490746,7.218519211,-0.204877377
4.1,0.771221459,0.781966984,0.330692858,7.640047073,7.20861721,-0.223043397
4.11,0.775698066,0.792261124,0.330446035,7.793148994,7.438737392,-0.269305378
4.12,0.783542573,0.800305247,0.330625951,8.027571678,7.530478001,-0.270942897
4.13,0.791262448,0.808217645,0.33076936,8.259706497,7.634600639,-0.269826621
4.14,0.799225092,0.811303675,0.330987811,8.622889519,7.70510006,-0.270630985
4.15,0.806729376,0.818720222,0.331065506,8.769062042,7.795698166,-0.264122456
4.16,0.814103842,0.825990736,0.331111729,8.860489845,7.875855923,-0.261219651
4.17,0.81736666,0.835572958,0.330691069,8.789322853,8.135956764,-0.305110544
4.18,0.824625731,0.83847183,0.330604285,8.895628929,8.183950424,-0.319139332
4.19,0.828643262,0.847612441,0.330938309,8.804371834,8.313931465,-0.382629901
4.2,0.836082399,0.850922227,0.330257922,8.813751221,8.359957695,-0.390543282
4.21,0.840185165,0.859684587,0.330772072,8.749150276,8.435968399,-0.429467648
4.22,0.845366895,0.866978049,0.331225753,8.711296082,8.454471588,-0.452583313
4.23,0.85135752,0.873225391,0.331082672,8.752243042,8.405726433,-0.450144291
4.24,0.856817424,0.877144158,0.330662757,8.901340485,8.338607788,-0.426064521
4.25,0.862514615,0.882975101,0.330466032,8.984762192,8.228630066,-0.412555397
4.26,0.868070662,0.888654053,0.330250293,9.044356346,8.119514465,-0.398599386
4.27,0.874722421,0.891123235,0.329023898,9.212676048,7.946698189,-0.358523637
4.28,0.880082726,0.896352708,0.328686863,9.243792534,7.849047184,-0.354400992
4.29,0.885307968,0.901424468,0.328335375,9.250680923,7.773287773,-0.355702877
4.3,0.890400827,0.906339645,0.327960968,9.232666016,7.730886459,-0.362156361
4.31,0.895498097,0.910824478,0.327452898,9.177996635,7.709822178,-0.361606747
4.32,0.897894204,0.918366492,0.327017576,9.011343002,7.834765434,-0.397564769
4.33,0.903097808,0.920249164,0.326157659,8.910205841,7.816560268,-0.395008534
4.34,0.905671,0.927220821,0.326485157,8.683929443,7.856039524,-0.431169122
4.35,0.911316097,0.928892195,0.325353712,8.534615517,7.803882599,-0.4232499
4.36,0.91544205,0.932847798,0.324878961,8.371596336,7.704587936,-0.421982795
4.37,0.919435799,0.936659992,0.324386537,8.238458633,7.544182777,-0.415683627
4.38,0.92329818,0.94032985,0.323886782,8.135965347,7.335237503,-0.401556909
4.39,0.92703265,0.943859577,0.32337895,8.058241844,7.105619431,-0.382228345
4.4,0.92894125,0.950378239,0.324555218,7.805895805,6.97039032,-0.393923342
4.41,0.932277977,0.953844249,0.324194521,7.711676598,6.773207664,-0.384283423
4.42,0.935189128,0.958315194,0.325037003,7.508194447,6.655545712,-0.422755271
4.43,0.940335929,0.958315313,0.323075891,7.519824505,6.496824741,-0.410313338
4.44,0.943397164,0.961267233,0.322685599,7.35736227,6.449368954,-0.446518362
4.45,0.947134495,0.963641882,0.321664602,7.212687969,6.368472099,-0.467410535
4.46,0.948710024,0.969050467,0.322227567,7.036248684,6.341413021,-0.536753237
4.47,0.951427937,0.971661091,0.321896255,6.907836914,6.251283169,-0.580348492
4.48,0.954035401,0.974151254,0.321573466,6.789868832,6.117070675,-0.617936075
4.49,0.957901955,0.974634469,0.319955945,6.729606152,5.886279106,-0.628974855
4.5,0.959559917,0.979497731,0.320970297,6.572163105,5.681642056,-0.680931151
4.51,0.961909473,0.981620848,0.32064417,6.458172798,5.439264774,-0.705425322
4.52,0.964161336,0.98363173,0.320326865,6.322626114,5.173374653,-0.724238575
4.53,0.967839658,0.98380059,0.318625212,6.247598648,4.867518425,-0.741552651
4.54,0.969399214,0.988234818,0.319889843,6.032371998,4.651790619,-0.802961648
4.55,0.971458614,0.989900172,0.3196325,5.834540844,4.493964672,-0.833263338
4.56,0.973375678,0.992898166,0.320970207,5.564433575,4.385183811,-0.905338645
4.57,0.977740288,0.992053092,0.319076449,5.423317432,4.271919727,-0.932699859
4.58,0.979649544,0.993395448,0.318834007,5.185952663,4.254980087,-0.982826948
4.59,0.982334375,0.995004177,0.317972779,4.965212822,4.201375961,-1.025554776
4.6,0.984134972,0.996183634,0.317713529,4.794494152,4.174962521,-1.083122849
4.61,0.985860884,0.997279227,0.317470878,4.669708729,4.126712322,-1.13557303
4.62,0.986796737,1.001487732,0.319224536,4.457414627,4.102059364,-1.218449235
4.63,0.988296807,1.002570271,0.319169104,4.383971691,4.011582851,-1.258265734
4.64,0.989589214,1.005140901,0.320722848,4.236325264,3.896204472,-1.335856676
4.65,0.990921676,1.006177187,0.320820689,4.163698196,3.751488447,-1.37363708
4.66,0.992186189,1.007142305,0.320928395,4.071690559,3.594490528,-1.405433655
4.67,0.996648133,1.00674212,0.317982465,4.094370365,3.254402876,-1.41315043
4.68,0.99801439,1.007451773,0.317825645,3.994692326,3.099062681,-1.44203639
4.69,0.999324679,1.008093596,0.317665219,3.892684221,2.962900162,-1.476427317
4.7,1.000267029,1.011287689,0.319858134,3.675131559,2.881351233,-1.541030884
4.71,1.001432061,1.011922717,0.319892943,3.561171293,2.809576035,-1.57551229
4.72,1.002545953,1.012496352,0.319939584,3.438866615,2.776132822,-1.610139847
4.73,1.003609896,1.01301074,0.319996566,3.309228897,2.775914907,-1.640626788
4.74,1.004966378,1.014971972,0.322346628,3.084551096,2.767797947,-1.723361492
4.75,1.005929708,1.015487313,0.322604746,2.970020771,2.776617765,-1.748353839
4.76,1.007212877,1.016654372,0.324183673,2.81438303,2.75832963,-1.819302559
4.77,1.008092046,1.017127991,0.324534416,2.703184605,2.721535444,-1.834879398
4.78,1.00929594,1.017885804,0.325725913,2.567662954,2.644211769,-1.897647977
4.79,1.010103226,1.018296361,0.326130867,2.460285425,2.559431076,-1.899981976
4.8,1.010864973,1.018665791,0.326525033,2.367910385,2.469285727,-1.896492004
4.81,1.011582971,1.018995762,0.326904178,2.313651323,2.377786636,-1.888171315
4.82,1.012258649,1.019287586,0.327270299,2.281164885,2.287345171,-1.875027061
4.83,1.020263076,1.021536708,0.318570912,2.311323404,1.806725144,-1.814397812
4.84,1.020832062,1.023877263,0.319871217,2.249279737,1.713882327,-1.8146348
4.85,1.024355292,1.022910595,0.318134487,2.229028702,1.576834798,-1.775512576
4.86,1.025467277,1.023074985,0.317825556,2.167737007,1.525878906,-1.763045907
4.87,1.027360439,1.023924947,0.317007542,2.067003727,1.504337192,-1.748728752
4.88,1.028449178,1.024035096,0.316606939,1.963698745,1.574729323,-1.751051068
4.89,1.029511094,1.024112225,0.316188037,1.870686293,1.687008023,-1.758868933
4.9,1.030543923,1.024157166,0.315772057,1.781028867,1.829457998,-1.767912149
4.91,1.031963229,1.026067495,0.315006435,1.662652254,2.001407385,-1.767187357
4.92,1.033045411,1.026106954,0.314522117,1.603183031,2.17632246,-1.78090775
4.93,1.034151196,1.027301908,0.313928872,1.540676713,2.297576666,-1.779513955
4.94,1.034934521,1.030793071,0.315205514,1.477009773,2.427901983,-1.792251587
4.95,1.035788059,1.030814767,0.314902306,1.456476331,2.517469645,-1.800187349
4.96,1.036598086,1.030812502,0.314607888,1.45983386,2.567593336,-1.806198001
4.97,1.038307428,1.029713035,0.313513756,1.49893558,2.547669411,-1.797528505
4.98,1.038427353,1.03270781,0.314694703,1.478818297,2.577154398,-1.772836566
4.99,1.039136887,1.032650113,0.31449008,1.47712481,2.586674929,-1.767089009
5,1.039376974,1.034302235,0.315764695,1.408501267,2.620034695,-1.757832527
5.01,1.039984465,1.034265757,0.315673918,1.367769003,2.65220952,-1.749426961
5.02,1.040314913,1.03526473,0.316854566,1.251747131,2.7204988,-1.740278363
5.03,1.040818572,1.03525269,0.31689468,1.192714334,2.797240496,-1.727566004
5.04,1.041273475,1.035220861,0.316951454,1.14836216,2.873800993,-1.715427518
5.05,1.041679144,1.035170436,0.317009896,1.126502156,2.950857878,-1.703299046
5.06,1.042034507,1.03510201,0.31706509,1.140649796,2.997899532,-1.688022017
5.07,1.046166897,1.034667253,0.312775135,1.261072755,2.843895197,-1.642185211
5.08,1.046652675,1.034458041,0.312491447,1.304990649,2.840414286,-1.610637426
5.09,1.047861814,1.035259604,0.311421454,1.313209057,2.770458937,-1.573554754
5.1,1.047518253,1.038382292,0.31249243,1.286066651,2.761409521,-1.53897965
5.11,1.047881007,1.038182497,0.312250018,1.283670902,2.751991749,-1.513185859
5.12,1.04819572,1.037961841,0.312013209,1.275753856,2.736507177,-1.484280467
5.13,1.04975903,1.037282944,0.310761571,1.262471914,2.694070101,-1.440361023
5.14,1.050048232,1.037006617,0.310427785,1.229082584,2.697387695,-1.402521014
5.15,1.050290704,1.036710024,0.310094774,1.201350212,2.724792719,-1.367734075
5.16,1.050486207,1.036393642,0.309763163,1.168092608,2.749190092,-1.334387422
5.17,1.050634265,1.036057949,0.309433311,1.135258675,2.761772633,-1.300636649
5.18,1.050734282,1.035703421,0.30911231,1.107096791,2.757870913,-1.269170046
5.19,1.051074982,1.039232492,0.308261722,0.927712023,2.738870621,-1.227975845
5.2,1.051092863,1.039036632,0.307939738,0.919873834,2.703663349,-1.197648644
5.21,1.051229835,1.040326715,0.307457209,0.879963279,2.644342899,-1.160059094
5.22,1.051165462,1.040140986,0.307169408,0.858103514,2.585515738,-1.129292607
5.23,1.05118072,1.041165471,0.306777477,0.810835123,2.526981592,-1.094809771
5.24,1.051036477,1.040982127,0.306503594,0.809191346,2.459629536,-1.072755575
5.25,1.050848007,1.040785193,0.306261599,0.812384784,2.423977375,-1.055112123
5.26,1.050615788,1.04057467,0.306056768,0.845933855,2.394695997,-1.044392228
5.27,1.050341129,1.040350318,0.305875033,0.910848379,2.378539562,-1.039806843
5.28,1.050024629,1.040111423,0.305708915,0.975324571,2.381719112,-1.028048158
5.29,1.049666524,1.039856911,0.305557549,1.026838303,2.38693881,-1.018657446
5.3,1.049266696,1.03958571,0.305418611,1.060363412,2.357812881,-1.01431334
5.31,1.048540115,1.04391861,0.30500862,0.856582224,2.322103262,-0.999518812
5.32,1.048031926,1.043882608,0.304886401,0.832831681,2.238261938,-0.99385649
5.33,1.047483206,1.043832302,0.304796159,0.791489661,2.148331881,-0.983446777
5.34,1.046895742,1.043768406,0.304732472,0.784511387,2.029790401,-0.973983884
5.35,1.046271563,1.043691397,0.304689199,0.800185561,1.911415935,-0.962024271
5.36,1.045612335,1.043600917,0.304677457,0.849440277,1.807534933,-0.949443758
5.37,1.044920206,1.04349637,0.304693788,0.919298291,1.718517065,-0.940230131
5.38,1.046942949,1.049097538,0.314076394,0.714496911,1.67840898,-0.945516467
5.39,1.046198606,1.049340129,0.314585418,0.804310083,1.607079029,-0.943394423
5.4,1.045461178,1.051167846,0.317020088,0.783094585,1.571576118,-0.955805421
5.41,1.044633627,1.051504374,0.31766057,0.857711792,1.499761224,-0.958366096
5.42,1.04393959,1.05236125,0.319160998,0.918018699,1.416503668,-0.958290935
5.43,1.043059707,1.052710772,0.319871604,1.043732405,1.301307559,-0.960889339
5.44,1.042445183,1.053028941,0.320917547,1.194812655,1.173306465,-0.975043476
5.45,1.041540027,1.053339481,0.321613193,1.355796814,1.068625808,-0.981821597
5.46,1.040980816,1.053349376,0.32240665,1.526337504,0.953565121,-0.999972105
5.47,1.040069342,1.053586602,0.323076814,1.657526493,0.874097168,-1.013951182
5.48,1.039520502,1.053384781,0.323682517,1.809907198,0.758873582,-1.040669203
5.49,1.03852272,1.053540349,0.324343383,1.903718591,0.672692776,-1.063251853
5.5,1.038006663,1.053153157,0.324782193,2.014086962,0.54546535,-1.092139363
5.51,1.037114739,1.053184509,0.325291544,2.05777216,0.467694342,-1.109928489
5.52,1.036579251,1.052684426,0.325572819,2.123201609,0.342845857,-1.124844432
5.53,1.035707355,1.052603602,0.325967282,2.141021252,0.269586831,-1.146476507
5.54,1.034846544,1.052115798,0.326144516,2.172740936,0.165189549,-1.160173297
5.55,1.033981919,1.051930547,0.326400369,2.165829182,0.098669887,-1.180906177
5.56,1.033358693,1.05123961,0.326267004,2.182457447,0.01321423,-1.175145984
5.57,1.032513976,1.050945282,0.326394528,2.162227392,-0.045640558,-1.195177436
5.58,1.031938314,1.050150275,0.326135725,2.168675184,-0.127414539,-1.210166693
5.59,1.0311203,1.049748302,0.326120049,2.141291142,-0.18309772,-1.229233503
5.6,1.030559063,1.048884153,0.325732857,2.138338804,-0.253316551,-1.241783619
5.61,1.03915,1.052010298,0.315353334,2.116473913,-0.58010596,-1.243183255
5.62,1.036855221,1.053287864,0.3150554,2.035746098,-0.586531281,-1.240398288
5.63,1.039174199,1.050803781,0.312368095,1.960991621,-0.603460014,-1.250404716
5.64,1.036692619,1.052777171,0.312065929,1.860252261,-0.537646532,-1.23758471
5.65,1.036291957,1.052204251,0.311171293,1.770274997,-0.462126046,-1.255467772
5.66,1.035041928,1.052903295,0.311337262,1.676450253,-0.363931447,-1.241378427
5.67,1.034642816,1.052295446,0.310489476,1.62566781,-0.265223175,-1.267942905
5.68,1.033847213,1.052430511,0.310660779,1.574963808,-0.163009673,-1.273932457
5.69,1.036398172,1.049134254,0.307713121,1.621300817,-0.137337863,-1.297972322
5.7,1.034281731,1.050840139,0.307840586,1.597147822,-0.059176795,-1.309918523
5.71,1.033921003,1.050103426,0.307042122,1.58443439,-0.027144643,-1.328965902
5.72,1.033560395,1.049338937,0.306264877,1.561448693,-0.024494512,-1.346476674
5.73,1.034845829,1.047159672,0.304055572,1.528552413,-0.094770387,-1.369416833
5.74,1.034546256,1.046307683,0.303248316,1.435353637,-0.109610803,-1.38460505
5.75,1.034475565,1.046170473,0.30228886,1.301919699,-0.13059406,-1.406873941
5.76,1.032907248,1.048679113,0.302821994,1.139986873,-0.093032904,-1.40252614
5.77,1.033489823,1.045632482,0.301682234,1.041352868,-0.088656068,-1.435056925
5.78,1.031931639,1.047747493,0.30257079,0.890228152,-0.003869065,-1.448795557
5.79,1.032779455,1.044768572,0.301418781,0.821700871,0.052968957,-1.463350177
5.8,1.0310812,1.046758652,0.302441835,0.713,0.176783979,-1.471921563
5.81,1.032135487,1.043846369,0.301340431,0.694662273,0.243243992,-1.493330121
5.82,1.030428529,1.045786619,0.302570045,0.621761739,0.356716335,-1.498053074
5.83,1.030088782,1.044847727,0.302527875,0.58829838,0.417193264,-1.51229012
5.84,1.029030204,1.045604706,0.304069102,0.484169841,0.471348137,-1.517975807
5.85,1.028643966,1.044718385,0.304210901,0.413256556,0.500165641,-1.532900691
5.86,1.027722359,1.044969201,0.305662125,0.24999851,0.536405325,-1.544271708
5.87,1.030442595,1.041600585,0.303644568,0.265706033,0.434215248,-1.560224175
5.88,1.028139353,1.043271422,0.304894745,0.127129793,0.473738253,-1.559110641
5.89,1.02776134,1.042363405,0.305192083,0.043042071,0.47506839,-1.571020722
5.9,1.026374698,1.042932153,0.306685954,-0.078766033,0.541275918,-1.57899797
5.91,1.029094338,1.039957404,0.304805696,-0.029725362,0.47615099,-1.595552921
5.92,1.028761148,1.039039493,0.30507037,-0.027026523,0.501473606,-1.607789278
5.93,1.028419495,1.038122296,0.305343062,-0.015942199,0.519410551,-1.62063849
5.94,1.025632977,1.040299296,0.306764781,-0.116973266,0.645243526,-1.633912802
5.95,1.025132656,1.039523125,0.307157129,-0.121656373,0.64815098,-1.639003634
5.96,1.023553967,1.040289164,0.30872044,-0.216452584,0.685429811,-1.640844584
5.97,1.022960901,1.039623141,0.309211373,-0.241458297,0.646731257,-1.639091134
5.98,1.021856785,1.039805889,0.310569495,-0.337623984,0.630657434,-1.634691358
5.99,1.025479436,1.037480831,0.307485789,-0.287068337,0.381974697,-1.63330996
6,1.025039911,1.036792517,0.307745218,-0.315822721,0.268192321,-1.622442722
6.01,1.025771141,1.036651969,0.307154059,-0.355898708,0.133435428,-1.621280074
6.02,1.022989511,1.039125085,0.307628453,-0.410199791,0.147264019,-1.61009717
6.03,1.024108768,1.036539197,0.306764126,-0.397525847,0.097054429,-1.606805921
6.04,1.02367568,1.035907269,0.306868374,-0.388358146,0.130378023,-1.603360772
6.05,1.023705959,1.035888672,0.306713372,-0.387041509,0.163793594,-1.587153077
6.06,1.021124482,1.038660169,0.307231873,-0.382086277,0.31265378,-1.540517211
6.07,1.020565152,1.038062811,0.307631224,-0.314243227,0.398605257,-1.495605707
6.08,1.019611359,1.039839387,0.308791429,-0.377998829,0.440293372,-1.501928926
6.09,1.019044757,1.039386988,0.309471965,-0.303225964,0.497857839,-1.448060632
6.1,1.017940879,1.0399791,0.311429888,-0.282817513,0.546636522,-1.365409374
6.11,1.020112991,1.035984755,0.310706526,-0.066701353,0.440614581,-1.288146019
6.12,1.017528892,1.038088202,0.313143134,-0.066857599,0.460246295,-1.196045995
6.13,1.019140601,1.035440922,0.313638717,0.00157079,0.354800493,-1.105091095
6.14,1.016600132,1.037936091,0.317032814,-0.038938444,0.332513154,-0.966878116
6.15,1.018060803,1.035289407,0.318531603,-0.005732726,0.179988697,-0.879067898
6.16,1.015536427,1.038008332,0.323030323,-0.081972919,0.128760949,-0.774016082
6.17,1.016839027,1.035137534,0.325613797,-0.081789233,-0.017847601,-0.696618676
6.18,1.014268517,1.038093328,0.331326753,-0.200831056,-0.057690397,-0.569211602
6.19,1.015654564,1.03503871,0.3349154,-0.211467609,-0.202907965,-0.488936603
6.2,1.013081908,1.038166881,0.341864496,-0.316432983,-0.22277151,-0.393164724
6.21,1.014518738,1.035051346,0.346501887,-0.256759852,-0.353077799,-0.314422786
6.22,1.011967421,1.038321614,0.354670227,-0.291109443,-0.343438536,-0.233937189
6.23,1.011408925,1.037930727,0.361810625,-0.224993646,-0.376587421,-0.155440032
6.24,1.010860085,1.037546039,0.369460136,-0.128933147,-0.393851161,-0.081821986
6.25,1.01032114,1.037164927,0.377594292,-0.031519942,-0.414188772,-0.019255158
6.26,1.008576632,1.039745212,0.388927311,-0.115190282,-0.319096029,0.032101564
6.27,1.007907033,1.039648175,0.398208678,-0.010925977,-0.321241587,0.080237411
6.28,1.006915212,1.040971279,0.40957889,-0.043768812,-0.290482819,0.102783091
6.29,1.010174751,1.036265731,0.415606767,0.314223647,-0.58076787,0.132137999
6.3,1.009798169,1.035916448,0.425817519,0.369506985,-0.643023014,0.156344593
6.31,1.009435773,1.035559177,0.436338365,0.427016079,-0.724506795,0.176869586
6.32,1.00634253,1.039171815,0.449320138,0.32177186,-0.646416247,0.184811339
6.33,1.008750558,1.036336422,0.457871318,0.45315367,-0.857088387,0.188309133
6.34,1.008405209,1.036059618,0.469111532,0.476936668,-0.921354234,0.188396424
6.35,1.008908391,1.03640151,0.479817569,0.489787191,-1.021344781,0.175750121
6.36,1.008661866,1.036134839,0.491384387,0.536839187,-1.032359004,0.164326966
6.37,1.008663416,1.036825299,0.502880037,0.566829264,-1.041788459,0.145393133
6.38,1.00597024,1.041685224,0.527804434,0.598996878,-0.803011477,0.124962121
6.39,1.006810427,1.037392616,0.526671112,0.673525035,-0.836667955,0.124229714
6.4,1.006269932,1.036798,0.55081892,0.766175866,-0.711842358,0.091575086
6.41,1.006385207,1.036905289,0.562654674,0.814589441,-0.668758094,0.07939817
6.42,1.004053712,1.041943192,0.576803803,0.802124202,-0.508818269,0.088197418
6.43,1.003737211,1.041714549,0.589203119,0.858592987,-0.45569548,0.085297368
6.44,1.003429174,1.041471362,0.60161972,0.902101219,-0.420351982,0.083890691
6.45,1.003128529,1.041213274,0.614026845,0.951077402,-0.410506636,0.0796647
6.46,1.002834916,1.040939689,0.626411021,1.000720978,-0.426600277,0.074922726
6.47,1.002548218,1.040649891,0.638769865,1.039098978,-0.467442334,0.072216824
6.48,1.000939131,1.04439497,0.654955745,0.811487377,-0.401718974,0.029293779
6.49,1.000539303,1.044405341,0.667510867,0.819727004,-0.459448546,0.023018586
6.5,1.000078201,1.045643687,0.681619048,0.758213878,-0.503317118,0.020611465
6.51,0.999670565,1.045735955,0.694196224,0.787108243,-0.568764091,0.00844714
6.52,0.999271512,1.045815706,0.70671767,0.840257108,-0.635488331,-0.005486079
6.53,1.002028227,1.03776145,0.712008178,1.383653164,-0.944632411,-0.001292744
6.54,1.001945853,1.037182927,0.723874569,1.492226362,-0.993057609,-0.012467042
6.55,1.003015757,1.037080646,0.734062314,1.578132749,-1.063527703,-0.012347396
6.56,1.003031611,1.036476135,0.745702446,1.610532641,-1.024155378,-0.013167429
6.57,1.003360271,1.037198067,0.75677824,1.560762882,-0.974948823,-0.023823401
6.58,1.003430128,1.03657043,0.768235505,1.45428586,-0.853401899,-0.025424931
6.59,1.003581882,1.037217379,0.779505253,1.294051051,-0.710918605,-0.029050464
6.6,1.003684044,1.036567807,0.790824473,1.135676384,-0.578916848,-0.036010344
6.61,1.003796816,1.035898328,0.802096188,0.981790781,-0.460653812,-0.043892842
6.62,1.000999093,1.040677905,0.81535697,0.7078982,-0.189886749,-0.033854488
6.63,1.001232266,1.036757827,0.824915707,0.674289048,-0.150677145,-0.039596822
6.64,1.001164556,1.036133409,0.836200774,0.628199637,-0.126365691,-0.044837479
6.65,1.00109911,1.035498142,0.847454965,0.633846939,-0.15282312,-0.048784267
6.66,1.00109911,1.035498142,0.847454965,0.633846939,-0.15282312,-0.048784267
6.67,1.001256824,1.036466122,0.858153939,0.618973196,-0.23292464,-0.050310433
6.68,1.001212835,1.035875082,0.869303703,0.667847455,-0.307785988,-0.050880149
6.69,1.001249075,1.03622508,0.880263329,0.687936604,-0.388122886,-0.052147783
6.7,0.999935925,1.040270805,0.894223034,0.667134464,-0.401528478,-0.038477387
6.71,0.999829769,1.039732218,0.905491292,0.656905174,-0.428958565,-0.035969414
6.72,0.998882592,1.041143298,0.919683456,0.520478666,-0.412026882,-0.033305142
6.73,0.999999881,1.035501719,0.926312625,0.614827812,-0.425895423,-0.028236395
6.74,0.997826159,1.038182974,0.94110626,0.496619225,-0.377108395,-0.045707047
6.75,0.997693777,1.037545323,0.952364743,0.42776826,-0.361397922,-0.050332919
6.76,0.997567773,1.036899805,0.963626921,0.378129214,-0.336284488,-0.062235661
6.77,0.99744767,1.036247373,0.974884331,0.343833804,-0.302917451,-0.07207869
6.78,0.996521413,1.036944866,0.988627136,0.242692888,-0.229394689,-0.037769414
6.79,0.996367157,1.036404133,0.999998748,0.246671125,-0.194798917,-0.053122327
6.8,0.995954394,1.036311507,1.012413383,0.227996245,-0.153724536,-0.083551869
6.81,0.998873591,1.033236623,1.015177965,0.3998501,-0.242846459,-0.097784609
6.82,0.997027218,1.035127521,1.029578447,0.402524978,-0.201234207,-0.092869341
6.83,0.998708665,1.032742262,1.035163164,0.451931119,-0.253062189,-0.109538727
6.84,0.997267783,1.03486383,1.049905181,0.434559286,-0.246867806,-0.113837689
6.85,0.998609722,1.032462239,1.055843472,0.448469818,-0.290090591,-0.13121441
6.86,0.997339725,1.034512043,1.070557952,0.371299773,-0.271816134,-0.115794845
6.87,0.997311056,1.033818364,1.080963969,0.312292635,-0.269037575,-0.128761858
6.88,0.997286499,1.033119321,1.091261983,0.228564724,-0.241481647,-0.134461313
6.89,0.997265816,1.032415986,1.101445794,0.138889655,-0.207949534,-0.144224912
6.9,0.996464074,1.032764673,1.114219069,0.003321696,-0.143176809,-0.091506071
6.91,0.996393204,1.032148242,1.124329209,-0.058448907,-0.102546819,-0.10206157
6.92,0.996324241,1.031532049,1.13428092,-0.113755941,-0.071343333,-0.112517305
6.93,0.998816192,1.031028628,1.136106849,-0.101776145,-0.179957658,-0.120987006
6.94,0.997731447,1.032610655,1.149164557,-0.126437873,-0.128049731,-0.080413103
6.95,0.997789979,1.031977057,1.158158541,-0.105056256,-0.12523441,-0.088483982
6.96,0.997264326,1.03198123,1.169396996,-0.100979283,-0.102638528,-0.086094886
6.97,0.997209311,1.029776096,1.178176999,-0.030215321,-0.098263793,-0.096147716
6.98,0.997252107,1.030926585,1.192734957,0.008501611,-0.103358656,-0.095272005
6.99,0.998450458,1.029579163,1.195949435,0.064090155,-0.129177108,-0.096740268
7,0.997929394,1.030820608,1.20843482,0.087534845,-0.108444907,-0.074347742
7.01,0.999009669,1.029575229,1.211572289,0.118751727,-0.118568249,-0.085752025
7.02,0.999111593,1.02896142,1.219259977,0.124961093,-0.107325152,-0.105874613
7.03,0.999215126,1.028345942,1.226760626,0.115919523,-0.085950941,-0.127010822
7.04,0.99932003,1.027728796,1.234064341,0.086558953,-0.064894073,-0.14880839
7.05,0.999426067,1.027110219,1.24117732,0.045153871,-0.042966485,-0.173028931
7.06,0.999532878,1.026490569,1.248096824,-0.001326525,-0.024768095,-0.198065877
7.07,0.999773443,1.029436588,1.253223777,-0.176100835,-0.007938996,-0.225829065
7.08,0.99988538,1.028991103,1.259632111,-0.225390434,0.014423508,-0.253038019
7.09,1.000035048,1.029572725,1.265472293,-0.285099655,0.037472632,-0.265420914
7.1,1.000652552,1.030753255,1.275883436,-0.3196567,0.041568294,-0.326398104
7.11,1.001073718,1.029597044,1.278402686,-0.304983079,0.025620509,-0.346455365
7.12,1.00122571,1.029193878,1.284134507,-0.260505736,0.022592194,-0.367157608
7.13,1.001438498,1.029618382,1.288979888,-0.200781032,0.026588835,-0.382404089
7.14,1.001593351,1.029242396,1.294338226,-0.117129348,0.020295238,-0.397078693
7.15,1.001747847,1.028868794,1.29951787,-0.028033759,0.024261342,-0.412029237
7.16,1.001902103,1.028496504,1.304526091,0.054863643,0.024883106,-0.422356665
7.17,1.002040148,1.029773116,1.309056997,0.062203862,0.026013181,-0.402682871
7.18,1.002190471,1.029464006,1.313731909,0.108960941,0.03475621,-0.41333279
7.19,1.002340436,1.029153705,1.318253875,0.140267238,0.053791519,-0.425011426
7.2,1.002099037,1.030093431,1.326295853,0.127257884,0.098733716,-0.418398917
7.21,1.002213955,1.029830575,1.3307302,0.142710999,0.118096337,-0.433451742
7.22,1.002011538,1.029829979,1.336424828,0.129971445,0.163603932,-0.40644449
7.23,1.002103329,1.029589415,1.340636253,0.134863928,0.188966721,-0.423290193
7.24,1.001933932,1.029425621,1.344912767,0.15327622,0.221620336,-0.375178188
7.25,1.003182411,1.029977679,1.343258858,0.183476418,0.191173494,-0.377319127
7.26,1.00330174,1.029764414,1.346918941,0.247603685,0.191802949,-0.399024218
7.27,1.003418207,1.029548049,1.350463867,0.314876169,0.18368569,-0.419529468
7.28,1.003200531,1.029933214,1.356600523,0.380298615,0.179308102,-0.349960625
7.29,1.003872514,1.030030727,1.356562257,0.458635986,0.150829598,-0.357059479
7.3,1.003988504,1.029823542,1.35973525,0.526211798,0.140062481,-0.368123353
7.31,1.004176021,1.030128121,1.361554265,0.573468387,0.145942599,-0.381822348
7.32,1.00429213,1.029913783,1.364463449,0.614904344,0.163151026,-0.387040257
7.33,1.004405856,1.029690385,1.367274642,0.644776285,0.190362856,-0.393041879
7.34,1.004591584,1.030093551,1.372648001,0.650353134,0.216660812,-0.366777122
7.35,1.004698038,1.029873967,1.375426412,0.665738821,0.238105029,-0.367747843
7.36,1.004533887,1.029776812,1.378787279,0.681175649,0.279629439,-0.324159414
7.37,1.004619479,1.029549718,1.381423235,0.702197969,0.317918777,-0.327910244
7.38,1.004700422,1.029312015,1.383966923,0.72403574,0.355114013,-0.330989003
7.39,1.00477612,1.029063344,1.386419177,0.738959014,0.380611539,-0.333236963
7.4,1.004845977,1.02880311,1.388792753,0.738808811,0.38601172,-0.332702965
7.41,1.004909754,1.028531313,1.391090274,0.743974388,0.392789841,-0.336438775
7.42,1.005062222,1.028113365,1.392126799,0.759053349,0.389825374,-0.26834926
7.43,1.005120993,1.027801871,1.394180536,0.765046,0.380134076,-0.274553388
7.44,1.005092263,1.027496457,1.395488143,0.764891744,0.367421657,-0.245804667
7.45,1.005132794,1.027162313,1.39734602,0.766987681,0.350822151,-0.257256538
7.46,1.00522542,1.02673924,1.39860487,0.774644554,0.33876577,-0.240916505
7.47,1.005260348,1.02637291,1.400282264,0.787949383,0.340023488,-0.251101077
7.48,1.00528276,1.025990129,1.401647925,0.791720629,0.333565027,-0.598310709
7.49,1.005306005,1.025598168,1.403191209,0.789325297,0.337119848,-0.601063311
7.5,1.00534606,1.025163293,1.404198289,0.783495307,0.329682678,-0.574058115
7.51,1.005360603,1.024742603,1.405602455,0.768541515,0.328964829,-0.557913303
7.52,1.005383134,1.024290681,1.406588197,0.747065902,0.337738007,-0.468810618
7.53,1.005388021,1.023842812,1.407880425,0.724309027,0.341758817,-0.456734449
7.54,1.005385756,1.023390055,1.408876061,0.690327168,0.34709692,-0.448353589
7.55,1.005378842,1.022918582,1.410066843,0.643575847,0.355687886,-0.439530969
7.56,1.005386472,1.022413254,1.410958648,0.597491801,0.364214957,-0.395152777
7.57,1.005369782,1.021918297,1.412066936,0.537768722,0.35955748,-0.388521343
7.58,1.00537169,1.021405458,1.412934899,0.502200425,0.366185039,-0.310847223
7.59,1.005344987,1.020890951,1.4139781,0.473012865,0.350215077,-0.303682506
7.6,1.005336165,1.020363808,1.414880991,0.44902584,0.33677277,-0.29792127
7.61,1.005299568,1.019832492,1.415865898,0.424893409,0.330572188,-0.299186707
7.62,1.005257368,1.019293904,1.416830301,0.401353508,0.334779173,-0.296797037
7.63,1.005209446,1.018748283,1.417784214,0.374254763,0.345453203,-0.297168106
7.64,1.005115747,1.018189549,1.418485641,0.334404856,0.359902591,-0.331887245
7.65,1.005053163,1.017631531,1.419383645,0.296710283,0.37179938,-0.332149833
7.66,1.004993677,1.017086148,1.420060039,0.254113585,0.376029938,-0.296422452
7.67,1.004918694,1.016518354,1.420899868,0.207630232,0.372941852,-0.295679629
7.68,1.004846096,1.015974641,1.421540976,0.157328755,0.354213476,-0.241650105
7.69,1.004758358,1.015400529,1.422354937,0.108950153,0.332279146,-0.247838557
7.7,1.004664779,1.014824152,1.423163056,0.063305154,0.301404476,-0.256067127
7.71,1.004565716,1.014246345,1.423965216,0.01887048,0.262510359,-0.259976655
7.72,1.004478335,1.013729692,1.42452991,-0.02582372,0.244365856,-0.207628921
7.73,1.004369617,1.013153195,1.425298214,-0.068585649,0.209633738,-0.214416549
7.74,1.004257083,1.012577415,1.426059723,-0.118887238,0.1953125,-0.225662231
7.75,1.004141092,1.012003303,1.426811934,-0.156844765,0.172976986,-0.230401024
7.76,1.003889441,1.011418581,1.427384257,-0.188113302,0.165458784,-0.413907856
7.77,1.003828764,1.01091814,1.42786634,-0.218481451,0.144240811,-0.347968936
7.78,1.003698349,1.010355234,1.428526402,-0.248029903,0.126123995,-0.334360063
7.79,1.003565669,1.009796381,1.429176569,-0.268934131,0.102051973,-0.321489751
7.8,1.003431082,1.009241819,1.429800987,-0.295061529,0.084449708,-0.315510839
7.81,1.003369808,1.008759141,1.430222631,-0.323391199,0.071327113,-0.259443194
7.82,1.003235698,1.008214831,1.430796981,-0.364739299,0.054065969,-0.247537881
7.83,1.003100514,1.007676363,1.431357861,-0.416640818,0.034236286,-0.240456849
7.84,1.003079414,1.007222176,1.4317348,-0.47669366,0.013847202,-0.076593913
7.85,1.002948165,1.00669992,1.432230353,-0.520145833,-0.000142722,-0.073864095
7.86,1.002816796,1.006185889,1.432694077,-0.560991645,-0.010921043,-0.078949533
7.87,1.002685547,1.005680919,1.433133841,-0.599887908,-0.011464846,-0.085237816
7.88,1.002561331,1.00519681,1.433453083,-0.629941881,-0.005150036,-0.172227845
7.89,1.00243032,1.004711628,1.433840275,-0.650764108,0.001710095,-0.175201967
7.9,1.002486348,1.004467249,1.43408668,-0.669131637,-0.003627164,-0.015565562
7.91,1.002361655,1.004008055,1.434426308,-0.686307073,-0.001834682,-0.021784224
7.92,1.002365351,1.003755212,1.434660912,-0.703706264,-0.014791927,0.048876196
7.93,1.002243996,1.003323555,1.434960961,-0.713130653,-0.03414505,0.03560017
7.94,1.002260327,1.003083825,1.435209394,-0.721096635,-0.056670383,0.221294433
7.95,1.002144337,1.002680182,1.435502648,-0.723266602,-0.066497438,0.198684365
7.96,1.002029419,1.002288818,1.435789704,-0.729080021,-0.089193977,0.170912191
7.97,1.001915812,1.001909733,1.436067224,-0.736341476,-0.119746894,0.145763263
7.98,1.001672149,1.001524568,1.436684608,-0.728740633,-0.12575829,-0.125743777
7.99,1.001554012,1.001175284,1.436985493,-0.718019843,-0.122321501,-0.139079437
8,1.001438022,1.00083828,1.437278509,-0.707363486,-0.129011795,-0.1381374
8.01,1.001324177,1.000513434,1.437564373,-0.702194035,-0.128799006,-0.135307103
8.02,1.001576781,1.000561595,1.437832594,-0.713323593,-0.141132101,-0.123572551
8.03,1.001480937,1.000264645,1.438108683,-0.712831855,-0.142790034,-0.119213834
8.04,1.001722097,1.000408292,1.438303113,-0.724017918,-0.156797752,0.068991289
8.05,1.001640677,1.000143051,1.438559413,-0.735753834,-0.157373101,0.064122409
8.06,1.001561761,0.99988997,1.438794374,-0.738542616,-0.158672616,0.057748795
8.07,1.001485586,0.999649346,1.439016581,-0.741901755,-0.151451901,0.055267885
8.08,1.000902295,0.998778939,1.439403415,-0.732788861,-0.120086394,-0.592718899
8.09,1.000816822,0.998553276,1.439622521,-0.725852191,-0.0958592,-0.58947295
8.1,1.000733376,0.998339772,1.439821005,-0.71423012,-0.075371884,-0.555366337
8.11,1.0012362,0.998635828,1.439582229,-0.694026053,-0.075179465,-0.319739133
8.12,1.001178861,0.998446405,1.43972218,-0.675819099,-0.061793998,-0.29616186
8.13,1.001556396,0.99873668,1.439592838,-0.650986135,-0.063464925,-0.070956662
8.14,1.001515508,0.998574138,1.439671397,-0.632577062,-0.062314086,-0.070745118
8.15,1.001475692,0.998422325,1.43972981,-0.618670285,-0.062691912,-0.075063169
8.16,1.001436949,0.998281181,1.439783335,-0.610021114,-0.078922205,-0.086772069
8.17,1.001193523,0.99785006,1.439920783,-0.601067305,-0.091364175,-0.407733083
8.18,1.00115335,0.997724414,1.439969778,-0.588202715,-0.105330244,-0.415686637
8.19,1.001644254,0.998276651,1.439751148,-0.577239573,-0.108953431,-0.232117295
8.2,1.001621604,0.998179436,1.439774871,-0.548796117,-0.10676039,-0.20816873
8.21,1.002064228,0.998643816,1.439549804,-0.527784348,-0.111341596,0.098155826
8.22,1.002058387,0.998570919,1.439542294,-0.519022226,-0.102429517,0.10916613
8.23,1.002054334,0.998506784,1.439511418,-0.51375562,-0.080855228,0.108814843
8.24,1.00205183,0.998451233,1.439451456,-0.492287517,-0.064522803,0.104352459
8.25,1.001774669,0.998112857,1.439311862,-0.473625362,-0.031686231,0.244281456
8.26,1.001764655,0.998071253,1.439203858,-0.451342553,-0.020419141,0.246054247
8.27,1.001755118,0.998037517,1.439084888,-0.421033919,0.004531412,0.238154516
8.28,1.001745701,0.998011172,1.438958049,-0.402632505,0.025061749,0.225934878
8.29,1.002324939,0.998859704,1.438630342,-0.385503858,0.031072356,0.326125652
8.3,1.002325296,0.998860896,1.438482881,-0.384196669,0.040656239,0.31551522
8.31,1.002818823,0.999622881,1.438169003,-0.390647113,0.05540587,0.463506639
8.32,1.002825499,0.999649763,1.438000441,-0.401150316,0.070184201,0.452264965
8.33,1.002830982,0.99968338,1.437826753,-0.397881418,0.082563139,0.43334347
8.34,1.002835155,0.999723792,1.437649965,-0.392591387,0.082857884,0.410181731
8.35,1.003162742,1.000170231,1.437453628,-0.379188657,0.075536706,0.364650905
8.36,1.003172517,1.000228524,1.437267423,-0.35178858,0.078928508,0.347950429
8.37,1.003916144,1.001258969,1.436871409,-0.320829064,0.05581985,0.427805632
8.38,1.003939867,1.001340985,1.436678052,-0.285596192,0.039089993,0.413432896
8.39,1.004547238,1.002227783,1.436358213,-0.240848735,0.022866912,0.417011768
8.4,1.004581809,1.002330065,1.436181903,-0.188849151,0.025390595,0.403129756
8.41,1.005210996,1.003222108,1.435822487,-0.133103177,0.019766757,0.500646353
8.42,1.005257964,1.003339767,1.435648441,-0.087520503,0.028811347,0.490832359
8.43,1.005304575,1.003459334,1.435478806,-0.049966834,0.042149324,0.477405906
8.44,1.005350471,1.003580093,1.435319066,-0.033434641,0.084334463,0.463081092
8.45,1.005938649,1.00441432,1.434883952,-0.011311267,0.103610657,0.54343605
8.46,1.005993724,1.004542947,1.434718251,-0.005551469,0.132089481,0.525905192
8.47,1.006046772,1.004671693,1.434552312,0.011898842,0.147121683,0.506652296
8.48,1.006097436,1.00480032,1.434381247,0.03965608,0.172115192,0.489989579
8.49,1.006145358,1.004928589,1.434219241,0.061590195,0.197240457,0.471209228
8.5,1.006190062,1.005055904,1.434061289,0.088958502,0.229115397,0.450600892
8.51,1.006231189,1.005181909,1.43389833,0.132286087,0.260593772,0.433291435
8.52,1.006268144,1.005306005,1.433737636,0.163257062,0.285617709,0.416584045
8.53,1.006300449,1.00542748,1.433570385,0.196440324,0.299601048,0.403718024
8.54,1.006327868,1.005545974,1.433391213,0.22972177,0.302358687,0.390355587
8.55,1.00635016,1.005660772,1.43320179,0.265158325,0.29824537,0.376784116
8.56,1.006367445,1.005771399,1.432999134,0.291449308,0.292847991,0.365375042
8.57,1.006379724,1.005877256,1.432791233,0.318910152,0.28276068,0.354293436
8.58,1.006387115,1.005977869,1.43258369,0.342602998,0.284065902,0.341069639
8.59,1.006389618,1.00607276,1.432375193,0.36941427,0.272894114,0.333168119
8.6,1.006387472,1.006161571,1.432158709,0.383334011,0.28052941,0.327144593
8.61,1.006380677,1.006243944,1.431939721,0.40882659,0.292049021,0.317265362
8.62,1.006368876,1.006319404,1.431733131,0.422023296,0.287147552,0.308458835
8.63,1.006352186,1.006387711,1.431526184,0.450243711,0.277554542,0.301705688
8.64,1.006330848,1.006448746,1.431300521,0.466892749,0.275591999,0.297297478
8.65,1.00630486,1.006502032,1.431049705,0.480718672,0.278919905,0.285066485
8.66,1.006274343,1.006547332,1.430780888,0.483366549,0.280338109,0.277646691
8.67,1.006238937,1.006584406,1.430516362,0.467595786,0.288405359,0.272253126
8.68,1.006198764,1.006613255,1.430261254,0.449325353,0.302317321,0.263590246
8.69,1.006153464,1.006634235,1.430006981,0.433145106,0.322899729,0.254738957
8.7,1.0061028,1.006647587,1.429759026,0.42782861,0.33786127,0.24404262
8.71,1.006046534,1.006653428,1.429515362,0.436067939,0.340305626,0.230830789
8.72,1.005984545,1.006651998,1.429264188,0.442973047,0.336837381,0.215290666
8.73,1.005916834,1.006643057,1.429003358,0.443713427,0.326951951,0.202176586
8.74,1.00584352,1.006626606,1.42873168,0.458124787,0.301291138,0.189160869
8.75,1.006535053,1.007248402,1.42615664,0.471781403,0.268363208,0.256358266
8.76,1.006465554,1.007215023,1.425801754,0.477789998,0.24608089,0.245356306
8.77,1.007532477,1.008869171,1.425024033,0.478053927,0.211303756,0.262968898
8.78,1.007469893,1.008840322,1.424645782,0.480254054,0.187068075,0.251300275
8.79,1.00740397,1.008803248,1.42426157,0.490868688,0.181303144,0.239274487
8.8,1.007334948,1.008757949,1.423867345,0.500959039,0.186699882,0.223637432
8.81,1.008181453,1.010080338,1.423166394,0.492369145,0.180062518,0.172598645
8.82,1.008118272,1.010034919,1.422727227,0.489378452,0.168055877,0.166782558
8.83,1.008836627,1.011150122,1.422075152,0.477270961,0.154837906,0.112050876
8.84,1.008778453,1.011102438,1.42160058,0.462380409,0.162806824,0.106202789
8.85,1.008717656,1.011046767,1.421118975,0.454845428,0.186383486,0.103474982
8.86,1.008653879,1.010983348,1.420627832,0.45430696,0.202434793,0.099384822
8.87,1.009676337,1.012570143,1.41999805,0.434349209,0.213462323,0.120303303
8.88,1.009619355,1.012513041,1.419529319,0.439819068,0.248268217,0.111269355
8.89,1.009801149,1.012922168,1.41905272,0.441067934,0.291371226,0.316039979
8.9,1.009734392,1.012858629,1.418618798,0.449676752,0.299972206,0.309335142
8.91,1.009662509,1.012787342,1.418200731,0.466925263,0.319961756,0.299257517
8.92,1.009585261,1.012708068,1.417802453,0.504163146,0.33458215,0.279335469
8.93,1.009686351,1.012730956,1.417573094,0.522069335,0.307112873,0.083357148
8.94,1.009607434,1.012632966,1.417223454,0.541765153,0.290754199,0.071659856
8.95,1.01046598,1.013800383,1.416715622,0.553960502,0.258292854,0.116486631
8.96,1.010394335,1.013695002,1.416413903,0.538760602,0.229812458,0.11600925
8.97,1.011249542,1.014976263,1.415933967,0.517883778,0.191797972,0.169651762
8.98,1.011181712,1.014868498,1.415681839,0.510957479,0.184887886,0.166725799
8.99,1.011576414,1.015403628,1.415329814,0.498550594,0.186691135,0.185071081
9,1.011502981,1.015272021,1.415070057,0.496616155,0.219489336,0.17666325
9.01,1.011812925,1.015717745,1.414576888,0.482851863,0.245931119,0.220400915
9.02,1.011812925,1.015717745,1.414576888,0.482851863,0.245931119,0.220400915
9.03,1.010006547,1.01312983,1.414275765,0.501624465,0.343477011,0.373771966
9.04,1.010006547,1.01312983,1.414275765,0.501624465,0.343477011,0.373771966
9.05,1.009791255,1.012693763,1.414011598,0.503975272,0.396362364,0.288621515
9.06,1.009678125,1.012504101,1.413759947,0.510372877,0.441453934,0.272672057
9.07,1.009160757,1.011719942,1.413641453,0.525546432,0.469646335,-0.416941136
9.08,1.009027839,1.011508107,1.413255095,0.535750329,0.495707303,-0.440206856
9.09,1.009606361,1.012209892,1.412358522,0.543596268,0.519036531,-0.392023802
9.1,1.009474158,1.011986375,1.411640763,0.542147279,0.539412439,-0.389649391
9.11,1.009903193,1.012434483,1.410347223,0.529960036,0.52909404,-0.324244589
9.12,1.009770036,1.01219666,1.409191847,0.501691401,0.521970451,-0.329924166
9.13,1.00968349,1.011843801,1.407518268,0.468916953,0.511471033,-0.315527052
9.14,1.009545088,1.011584759,1.405774951,0.415018529,0.510426819,-0.335629225
9.15,1.009359956,1.01098597,1.403462172,0.360668063,0.518769324,-0.363188833
9.16,1.009219885,1.010703206,1.401032329,0.293152511,0.536271572,-0.394679934
9.17,1.008755803,1.009753466,1.398171425,0.237980992,0.547884464,-0.510372281
9.18,1.008606672,1.009449005,1.395048738,0.176336631,0.567777634,-0.546438813
9.19,1.008114576,1.008322001,1.391394973,0.128471732,0.586441457,-0.481037885
9.2,1.007962108,1.007993698,1.387487411,0.087033845,0.602556705,-0.519844055
9.21,1.007318139,1.006698489,1.38312149,0.061938901,0.620097756,-0.449642479
9.22,1.007157087,1.006349564,1.378410697,0.031384531,0.641527832,-0.499033809
9.23,1.006628394,1.005390048,1.373330832,0.015081455,0.64772898,-0.747919917
9.24,1.00645268,1.005030274,1.367730618,0.00187808,0.641230643,-0.806445062
9.25,1.006201267,1.004410148,1.361606836,0.00559452,0.61904186,-0.76079005
9.26,1.006018758,1.004042864,1.35510087,0.003444172,0.604281485,-0.815436602
9.27,1.005893588,1.00367713,1.34818387,0.010993844,0.58488524,-0.75164336
9.28,1.005703568,1.003308058,1.340877175,0.008704758,0.561439037,-0.814967513
9.29,1.006043792,1.003601074,1.33308661,-0.012430536,0.536594033,-0.78256923
9.3,1.005854249,1.003236175,1.324990392,-0.045375824,0.52886492,-0.857010782
9.31,1.00590539,1.003022432,1.316432476,-0.097666845,0.51902324,-0.821489692
9.32,1.005717039,1.002654433,1.307474375,-0.167013705,0.520261943,-0.901199996
9.33,1.005253553,1.001890421,1.298238039,-0.248364717,0.537786722,-0.909794688
9.34,1.005052686,1.001522303,1.288453221,-0.33791396,0.562039971,-0.990225613
9.35,1.024163604,1.030259728,1.274042487,-0.600883722,0.526518106,-1.048910618
9.36,1.024135232,1.030312419,1.263591528,-0.680212259,0.545160115,-1.127303481
9.37,1.023404837,1.029209375,1.253492475,-0.742794693,0.570056975,-1.203343868
9.38,1.023334384,1.029266715,1.242392421,-0.775590599,0.568124354,-1.27292347
9.39,1.022905707,1.028657556,1.231189847,-0.757677555,0.577274919,-1.316402435
9.4,1.022808313,1.028746128,1.219545126,-0.645545363,0.583327174,-1.377962708
9.41,1.02254951,1.028410316,1.207621813,-0.47562474,0.594153047,-1.462549329
9.42,1.022432208,1.028544068,1.195573688,-0.239687815,0.598681867,-1.520633459
9.43,1.02209425,1.027866125,1.183246732,0.008129932,0.621737242,-1.597137928
9.44,1.021945834,1.028023362,1.170844436,0.2492778,0.613861144,-1.639514804
9.45,1.021313548,1.028410435,1.16055274,0.448334396,0.604521573,-1.731959581
9.46,1.02113688,1.028581858,1.147915721,0.598759234,0.582963169,-1.772490978
9.47,1.020930052,1.028142452,1.135330558,0.699308813,0.5606305,-1.858582973
9.48,1.021490574,1.027380466,1.100418925,0.695858538,0.426545203,-1.951623082
9.49,1.021490574,1.027380466,1.100418925,0.695858538,0.426545203,-1.951623082
9.5,1.021854401,1.027371287,1.085385084,0.640736818,0.357922345,-2.009866476
9.51,1.021812558,1.02765131,1.072051644,0.618391871,0.337422282,-2.016981602
9.52,1.021764517,1.027920961,1.058705926,0.635825396,0.322575867,-2.019786358
9.53,1.021710396,1.028180122,1.045358062,0.688482225,0.302502036,-2.016145945
9.54,1.021596789,1.026511431,1.031672716,0.835994959,0.260863632,-2.069426298
9.55,1.021526575,1.026676536,1.018312335,0.980291665,0.221569359,-2.060394049
9.56,1.02138114,1.025927186,1.005059958,1.15050292,0.204961896,-2.102929354
9.57,1.02142024,1.027719855,0.993610561,1.268118501,0.194377765,-2.107192993
9.58,1.021033406,1.025183916,0.97954011,1.381078124,0.209649533,-2.149916172
9.59,1.020915031,1.025212288,0.966434896,1.367252111,0.28388676,-2.128571749
9.6,1.020791054,1.025215626,0.953399241,1.295133948,0.403245538,-2.101763725
9.61,1.020659804,1.025194883,0.940434158,1.183874965,0.531530261,-2.061394691
9.62,1.020364642,1.023511291,0.927749991,1.098260045,0.6361233,-2.067991018
9.63,1.020201087,1.023389935,0.914915323,0.980173826,0.688812077,-2.004308701
9.64,1.019071221,1.025243402,0.903609693,0.861530483,0.76881355,-1.930689454
9.65,1.018780828,1.022167683,0.890125632,0.88774389,0.780438423,-1.893460512
9.66,1.018509507,1.021950603,0.877555668,0.926492512,0.749410033,-1.803882122
9.67,1.018223524,1.021717072,0.865064442,1.024929881,0.661682189,-1.70880568
9.68,1.016894102,1.023618817,0.854325354,1.06802547,0.584277809,-1.625625849
9.69,1.016675472,1.019688606,0.840885282,1.282971859,0.428887755,-1.572671771
9.7,1.015126467,1.021320105,0.83027935,1.321187973,0.332700551,-1.475125194
9.71,1.015302062,1.018149376,0.816729307,1.411365986,0.228886724,-1.436466336
9.72,1.014887333,1.017731786,0.804632187,1.393471837,0.178802297,-1.349358559
9.73,1.014468312,1.017288566,0.792605221,1.328155875,0.174863264,-1.263811827
9.74,1.012896538,1.019124031,0.782338917,1.168289661,0.27486816,-1.215025902
9.75,1.012409329,1.018761992,0.770554543,1.133391976,0.347385645,-1.148019552
9.76,1.011916041,1.018379331,0.758820295,1.137418985,0.411961436,-1.084840298
9.77,1.011904478,1.013617039,0.745598018,1.347683668,0.364651859,-1.063952208
9.78,1.010182142,1.015162826,0.735261858,1.372629762,0.34085834,-0.994165361
9.79,1.009663582,1.014495134,0.72362113,1.448871851,0.196232602,-0.922641873
9.8,1.008597374,1.01474309,0.713203669,1.461749673,0.003067076,-0.86407429
9.81,1.009203792,1.009927273,0.699707091,1.57378161,-0.283298254,-0.842477918
9.82,1.00714922,1.011184096,0.689524114,1.422821999,-0.503328383,-0.806667864
9.83,1.006602526,1.010329843,0.678119063,1.177611232,-0.701108456,-0.750366688
9.84,1.006516695,1.006053686,0.65435034,0.471961766,-0.879900038,-0.706100285
9.85,1.006516695,1.006053686,0.65435034,0.471961766,-0.879900038,-0.706100285
9.86,1.004321814,1.00724721,0.644307613,0.012527481,-0.764760077,-0.632032454
9.87,1.005172014,1.003978133,0.631490052,-0.313286871,-0.654314697,-0.606262922
9.88,1.004520774,1.002002001,0.609115005,-0.767292023,-0.375617057,-0.504531264
9.89,1.004520774,1.002002001,0.609115005,-0.767292023,-0.375617057,-0.504531264
9.9,1.002467871,1.003905892,0.599232256,-0.903605998,-0.241043821,-0.456490278
9.91,1.001973867,1.003002644,0.588552654,-0.93523109,-0.246223882,-0.389531791
9.92,1.001484871,1.002117515,0.578015566,-0.92170316,-0.314025134,-0.333238423
9.93,1.001001596,1.001250744,0.56763202,-0.919280767,-0.441655606,-0.28246218
9.94,1.000526309,1.000402212,0.557407379,-0.944694102,-0.615104914,-0.238369107
9.95,1.000994921,0.997069418,0.546134591,-0.868564844,-0.86313504,-0.238388315
9.96,1.000627518,0.996108472,0.536125779,-0.921303451,-1.013790131,-0.204356387
9.97,1.000279188,0.995165348,0.526271284,-0.999983311,-1.140776157,-0.169852287
9.98,0.999952853,0.994241714,0.516586065,-1.103521705,-1.183121204,-0.143807694
9.99,0.999529183,0.994011045,0.50717175,-1.269100785,-1.140954494,-0.179144084
10,0.997573197,0.99624449,0.498406529,-1.447697163,-0.960779607,-0.181712091
10.01,0.997175992,0.995509088,0.48939833,-1.551419854,-0.876568139,-0.15955317
10.02,0.99679786,0.994805574,0.480612427,-1.611358285,-0.786296964,-0.13627103
10.03,0.996436894,0.99413538,0.472047031,-1.604424715,-0.720170677,-0.107912011
10.04,0.996091545,0.993498862,0.463702381,-1.548799515,-0.695919514,-0.077212803
10.05,0.995761037,0.992895424,0.45558545,-1.469901562,-0.720814943,-0.046657946
10.06,0.994124651,0.995088935,0.449750513,-1.543606877,-0.68345207,-0.034141157
10.07,0.993713439,0.994771481,0.442257404,-1.468905687,-0.770870566,0.007887275
10.08,0.993032396,0.995423615,0.435888141,-1.482758641,-0.860969007,0.016627232
10.09,0.994273782,0.989917099,0.426825464,-1.18726182,-1.063909411,0.037768099
10.1,0.993977487,0.989426076,0.419956625,-1.162234783,-1.162423015,0.097336993
10.11,0.992649257,0.991470575,0.413148075,-1.168586493,-1.203697443,0.112129025
10.12,0.992378533,0.991066098,0.406727433,-1.150937915,-1.237621069,0.177500665
10.13,0.992133737,0.990686238,0.400540113,-1.150844693,-1.224960923,0.243970871
10.14,0.993178964,0.988254607,0.393349737,-1.111812472,-1.231946588,0.282990068
10.15,0.993044734,0.987851858,0.387508184,-1.128022075,-1.149333358,0.352066129
10.16,0.993333399,0.987641037,0.38151148,-1.147943854,-1.091176391,0.370159745
10.17,0.993270993,0.987297177,0.376026124,-1.160598636,-1.017380476,0.436721414
10.18,0.991562724,0.990117848,0.371164531,-1.215129256,-0.879609406,0.503633261
10.19,0.991464198,0.989870787,0.366095245,-1.206457853,-0.810319841,0.568934083
10.2,0.990523934,0.991345942,0.362298846,-1.24400413,-0.734455645,0.624736726
10.21,0.99042666,0.991224349,0.357679516,-1.226474643,-0.723872185,0.684986949
10.22,0.989888549,0.992066503,0.354115427,-1.242683411,-0.723224223,0.729402602
10.23,0.989799678,0.992061377,0.349894255,-1.191236734,-0.755441785,0.78119421
10.24,0.989725113,0.992080331,0.345821708,-1.123902917,-0.819389999,0.833924651
10.25,0.992202222,0.988036633,0.339432001,-0.811986446,-1.035488486,0.836075068
10.26,0.992317557,0.987801611,0.335470498,-0.735097229,-1.09839654,0.878690958
10.27,0.992454052,0.987582088,0.331666023,-0.676828742,-1.144498825,0.922941089
10.28,0.990436375,0.990232527,0.329005837,-0.766356885,-1.036397696,0.952837348
10.29,0.990484178,0.990187109,0.325604528,-0.791402638,-1.013396978,0.999215841
10.3,0.989544511,0.991524875,0.323328167,-0.920999646,-0.880283535,1.029989481
10.31,0.992420018,0.98897326,0.317967951,-0.87450248,-0.874258518,1.0319736
10.32,0.990434349,0.991373837,0.315538228,-0.957389712,-0.717251062,1.045588255
10.33,0.992661178,0.989343107,0.311097383,-0.952982605,-0.644454658,1.059709549
10.34,0.990812123,0.991991341,0.308960736,-0.971679211,-0.510299206,1.079243422
10.35,0.990960598,0.992069423,0.306251615,-0.92442286,-0.449118376,1.117684841
10.36,0.992884696,0.990258873,0.302175641,-0.777602136,-0.501129746,1.125500321
10.37,0.993148565,0.990289867,0.299586624,-0.66475302,-0.495803237,1.160795689
10.38,0.993421495,0.990334451,0.297096193,-0.546559274,-0.498637557,1.191041708
10.39,0.993703485,0.990390301,0.294689775,-0.43352282,-0.523510218,1.22417593
10.4,0.991771638,0.993492603,0.293217808,-0.457841843,-0.421945781,1.247995973
10.41,0.991921425,0.993713975,0.291033477,-0.399594754,-0.422426939,1.273742199
10.42,0.993765056,0.992629468,0.287975848,-0.342741996,-0.44012627,1.267702699
10.43,0.993997395,0.992821693,0.285853505,-0.336443722,-0.39727366,1.284951091
10.44,0.992260695,0.995380342,0.284502029,-0.372400135,-0.293392986,1.297189713
10.45,0.992445767,0.995634377,0.282569379,-0.342378587,-0.22311008,1.316619396
10.46,0.994507074,0.994067192,0.279700816,-0.236648113,-0.221229061,1.30888772
10.47,0.994761884,0.994270086,0.2777946,-0.16888915,-0.164157704,1.330253601
10.48,0.995019972,0.994476616,0.275920391,-0.081254981,-0.1351154,1.35097301
10.49,0.995280623,0.994685352,0.274079889,0.012930896,-0.126329437,1.371531367
10.5,0.996221662,0.995130897,0.271728933,0.092831492,-0.154715598,1.373049855
10.51,0.996533453,0.995355844,0.269957989,0.15696016,-0.148639366,1.386256456
10.52,0.995774567,0.996114135,0.267842829,0.188236102,-0.089232959,1.363425136
10.53,0.996018708,0.996340513,0.266184688,0.194256976,-0.080637991,1.377198577
10.54,0.994402111,0.999379992,0.265308231,0.138306499,-0.009574221,1.37997365
10.55,0.994590819,0.999648929,0.263806313,0.117424875,0.026921853,1.388485909
10.56,0.994779408,0.99991554,0.262348831,0.101181731,0.071600541,1.399573922
10.57,0.994967103,1.000180244,0.260939658,0.096778907,0.111611456,1.406851172
10.58,0.995153129,1.000443101,0.259584576,0.115144573,0.139964685,1.413048625
10.59,0.99533689,1.000703931,0.258285135,0.153511941,0.150674701,1.416942596
10.6,0.994606912,1.002999544,0.258675814,0.097437061,0.207173094,1.405019641
10.61,0.994705737,1.003410339,0.257589042,0.180256486,0.192576259,1.406097293
10.62,0.997136891,1.000063777,0.255116373,0.456986696,0.06487038,1.363324046
10.63,0.997366905,1.000225067,0.253990293,0.551339388,0.04786133,1.362423897
10.64,0.998442292,0.999735177,0.252396584,0.658346176,-0.011230996,1.344386935
10.65,0.996570587,1.002784133,0.251583934,0.735360384,0.031259108,1.334867716
10.66,0.996766567,1.002940297,0.250581026,0.816744506,0.020200036,1.328951716
10.67,0.996053517,1.004532576,0.25046888,0.82277596,0.048136786,1.340104699
10.68,0.996218681,1.004715323,0.249605149,0.838446796,0.058932997,1.339348674
10.69,0.995931208,1.005607843,0.249419421,0.774217367,0.120023109,1.348950267
10.7,0.99862653,1.001813173,0.247113839,0.860171139,0.113446794,1.330812931
10.71,0.998850703,1.001820803,0.246299654,0.775919676,0.165497735,1.321103454
10.72,0.999831378,1.001408815,0.245063275,0.702789426,0.191442117,1.302591443
10.73,0.997796535,1.004367948,0.244507298,0.611021459,0.270287901,1.286720037
10.74,0.9993186,1.001989365,0.243028596,0.596920907,0.248562917,1.269565701
10.75,0.999522388,1.00194478,0.242289305,0.565436959,0.249921277,1.256660819
10.76,1.000087738,1.001855373,0.241377473,0.538999438,0.232497752,1.235799432
10.77,1.00030148,1.001794696,0.240662113,0.524032235,0.228365123,1.220250368
10.78,1.000630617,1.002107143,0.239890754,0.496075809,0.218126863,1.186608434
10.79,1.000844955,1.002042294,0.239205196,0.466198862,0.217767894,1.171377897
10.8,1.001042366,1.002344012,0.23857379,0.422682136,0.221038416,1.140934229
10.81,1.001245379,1.002277255,0.237935856,0.386217624,0.246274725,1.119553208
10.82,1.001444459,1.002203345,0.237320185,0.346495986,0.286210388,1.097435713
10.83,1.001638889,1.002122998,0.236727551,0.306277215,0.329079658,1.076554418
10.84,0.999388397,1.005706191,0.236284778,0.134427235,0.528958678,1.074789166
10.85,0.999361098,1.005793691,0.235790253,0.104747832,0.576103449,1.051322103
10.86,0.999324262,1.005879045,0.235304207,0.088031672,0.614501119,1.027375102
10.87,0.999277055,1.005962491,0.234841019,0.080447227,0.630774736,1.005064487
10.88,0.999806881,1.003379822,0.23422645,0.198105335,0.602153838,0.981421709
10.89,0.999751508,1.003322601,0.233808979,0.239162207,0.557135761,0.959859788
10.9,0.998079598,1.00570178,0.234312564,0.241538614,0.518812776,0.964182019
10.91,0.997953594,1.005692959,0.234048352,0.303573489,0.436805338,0.942729354
10.92,0.999829412,1.00322485,0.233212322,0.40967527,0.311227798,0.915533364
10.93,0.999740064,1.003117442,0.232920572,0.427726716,0.224460527,0.888874531
10.94,0.999943674,1.002920747,0.232091948,0.42913413,0.140384987,0.884250998
10.95,0.999852598,1.002793908,0.231754094,0.404015958,0.069234401,0.857789457
10.96,0.999759793,1.002659917,0.231420875,0.347679436,0.027323816,0.829788029
10.97,0.999666274,1.002519369,0.231094345,0.28485477,-0.007321382,0.799991786
10.98,0.999776065,1.002712488,0.230492592,0.190657333,-0.010236594,0.776346684
10.99,0.999671221,1.002602696,0.230143741,0.13505429,0.00475567,0.749781847
11,0.999566436,1.002490163,0.22980383,0.099663898,0.018306261,0.719846189
11.01,0.999461472,1.002375603,0.229472712,0.080601156,0.017867247,0.692896247
11.02,0.997674227,1.005072951,0.23029837,-0.032361519,0.07330855,0.682195902
11.03,0.997473657,1.005089879,0.230091274,-0.023520797,0.038553216,0.657380939
11.04,0.997272134,1.005107284,0.229896054,-0.000291163,-0.00411132,0.632326245
11.05,0.996706128,1.006444812,0.230975732,-0.060078859,-0.00563632,0.631395519
11.06,0.999263763,1.002840996,0.228351727,0.137726232,-0.180320099,0.591368258
11.07,0.997582555,1.005114675,0.228866547,0.113541283,-0.182301283,0.594411969
11.08,0.99957037,1.002453923,0.227401361,0.179640308,-0.274770409,0.550801873
11.09,0.997799158,1.004963756,0.22789979,0.177486032,-0.275936186,0.541826487
11.1,0.997706652,1.004888177,0.227632865,0.198312521,-0.299829602,0.516991794
11.11,0.997062325,1.006026745,0.228317454,0.165095836,-0.283083498,0.516544819
11.12,0.999542773,1.002367973,0.226580113,0.249511227,-0.31921047,0.471754372
11.13,0.999523818,1.002211452,0.226277828,0.213790372,-0.284248412,0.446254373
11.14,0.999510109,1.002050996,0.225985736,0.179211527,-0.26465252,0.420442432
11.15,0.99784106,1.0044204,0.226718768,0.057564169,-0.174619794,0.419947714
11.16,0.997745335,1.004369378,0.226520225,0.024257526,-0.18124114,0.400662601
11.17,0.99765265,1.004317641,0.226325169,-0.002227299,-0.184610099,0.383005083
11.18,0.999550104,1.001615405,0.22457467,0.085390717,-0.304928303,0.345823437
11.19,0.999602139,1.001418352,0.224262223,0.068766877,-0.329661101,0.328191429
11.2,1.000142574,1.001075745,0.223618984,0.059746411,-0.3757101,0.29787609
11.21,1.000240564,1.000879169,0.223319471,0.069363318,-0.398222834,0.279975802
11.22,1.00046134,1.000888109,0.222958505,0.061943658,-0.405538976,0.244849414
11.23,1.00058341,1.00069952,0.22269085,0.037317161,-0.386414021,0.231317207
11.24,1.000712276,1.000510097,0.222420752,0.001173355,-0.339342445,0.215083316
11.25,0.999552965,1.003834486,0.223259866,-0.167772517,-0.164779633,0.219596192
11.26,0.999550819,1.003799558,0.223123103,-0.221339494,-0.088676982,0.205362007
11.27,0.998913765,1.005465865,0.224246055,-0.364066631,0.038351644,0.197160318
11.28,1.00041306,1.001161814,0.223316148,-0.261430323,0.066949941,0.165569559
11.29,0.998893201,1.003549576,0.224180177,-0.327654094,0.157559231,0.148415729
11.3,0.998856664,1.003484726,0.22423628,-0.31587097,0.184227332,0.127505258
11.31,0.998362601,1.004648566,0.225343376,-0.31811738,0.199985251,0.141602963
11.32,1.000778675,1.000777483,0.224050522,-0.130373061,0.11144796,0.104560599
11.33,0.99903512,1.003077388,0.224956974,-0.107625186,0.100597784,0.125991732
11.34,1.001013875,1.000265121,0.22392717,-0.010228205,0.023991132,0.087731272
11.35,0.999232411,1.002784967,0.22486259,-0.015270321,0.016463734,0.075806066
11.36,0.999206066,1.002683043,0.225002199,-0.00921622,-0.025727853,0.053480182
11.37,0.99917984,1.002581358,0.225148767,-0.03039825,-0.059725691,0.030112734
11.38,1.001004457,0.999923229,0.223937944,0.017458957,-0.151565447,-0.006901274
11.39,1.001076698,0.999702036,0.223999798,-0.042721,-0.154494107,-0.025041763
11.4,1.001685858,0.999449849,0.223711699,-0.084656008,-0.171332777,-0.059609421
11.41,1.001795888,0.99923414,0.223766997,-0.135983318,-0.159036681,-0.074627638
11.42,1.001908779,0.999020398,0.223836288,-0.179718047,-0.119089104,-0.091011949
11.43,1.002024055,0.998809397,0.223920971,-0.233149856,-0.100574344,-0.105089746
11.44,1.002297401,0.999146879,0.223843753,-0.287505567,-0.081514902,-0.138940394
11.45,1.002429724,0.998978257,0.223921359,-0.313077718,-0.032848891,-0.149330929
11.46,1.002563119,0.998814762,0.223997131,-0.332953483,0.027458349,-0.160995498
11.47,1.002696514,0.99865675,0.224067464,-0.355663031,0.078971542,-0.171762377
11.48,1.002829075,0.998504639,0.224140108,-0.36946255,0.131922349,-0.182536408
11.49,1.002959728,0.998358905,0.224231765,-0.39250198,0.180288211,-0.199302733
11.5,1.003087759,0.998219788,0.224340558,-0.419488221,0.22413449,-0.217408702
11.51,1.003212333,0.998087645,0.224448115,-0.448953062,0.246593803,-0.23453486
11.52,1.003053308,0.999222457,0.224721611,-0.535750926,0.282758534,-0.278153837
11.53,1.003141999,0.999201715,0.224840164,-0.529892921,0.29305917,-0.302844852
11.54,1.003225803,0.999190152,0.22496593,-0.511494756,0.31618911,-0.324681014
11.55,1.003304362,0.999187648,0.225104466,-0.494523495,0.324718744,-0.345828533
11.56,1.003377438,0.999193907,0.22525239,-0.486850947,0.319144458,-0.366652697
11.57,1.003445029,0.999208629,0.225405306,-0.468675435,0.307152241,-0.388795644
11.58,1.003507257,0.999231637,0.225564629,-0.467377543,0.307152778,-0.410993427
11.59,1.003564358,0.999262691,0.225724623,-0.449960351,0.297540724,-0.433878362
11.6,1.003616333,0.999301612,0.22588329,-0.430063188,0.289805353,-0.456658512
11.61,1.003663301,0.999348164,0.226051047,-0.407002985,0.294073492,-0.478089422
11.62,1.003705263,0.999402046,0.226230562,-0.388748825,0.275484413,-0.498666972
11.63,1.001057625,1.004432321,0.229660198,-0.61447823,0.41136536,-0.499869883
11.64,1.000897169,1.004840374,0.230072603,-0.59665072,0.393845886,-0.51835829
11.65,1.000545382,1.006092072,0.231345385,-0.62441802,0.405195981,-0.520425677
11.66,1.000350595,1.006579041,0.231810808,-0.598339677,0.391743213,-0.542290866
11.67,1.000251889,1.00712657,0.232470155,-0.545072556,0.362636209,-0.534636319
11.68,1.000048876,1.007636666,0.23294352,-0.460308462,0.33316794,-0.551446795
11.69,1.000040293,1.007862449,0.233272627,-0.325475991,0.247685567,-0.538851321
11.7,0.999842823,1.008363366,0.23374255,-0.18013306,0.165865362,-0.560445011
11.71,0.999899447,1.008455634,0.233981133,0.013686537,0.041213457,-0.560296297
11.72,0.999720216,1.008926511,0.234416172,0.165867224,-0.057649475,-0.577088118
11.73,0.999781191,1.008891582,0.23448576,0.347614795,-0.150639579,-0.566841006
11.74,0.999628007,1.009312868,0.234856457,0.487752646,-0.202563897,-0.584120512
11.75,0.999716163,1.009165406,0.234773546,0.627820373,-0.252965719,-0.585309863
11.76,0.999595046,1.0095222,0.235054776,0.69769001,-0.252050281,-0.604427695
11.77,0.99967885,1.009308934,0.234854758,0.765835702,-0.257606953,-0.610759139
11.78,0.999588668,1.009595633,0.235031322,0.773296773,-0.233338162,-0.633355379
11.79,0.999694228,1.009317994,0.234742507,0.81819123,-0.220246926,-0.641385615
11.8,1.002815485,1.003764868,0.23210071,1.091821313,-0.356429815,-0.685286224
11.81,1.000847816,1.005238295,0.232029513,1.076243877,-0.307629675,-0.673775315
11.82,1.003543377,1.002356768,0.230278239,1.117051363,-0.343485832,-0.7196877
11.83,1.001235008,1.004623652,0.230211794,1.11680162,-0.320507586,-0.707674086
11.84,1.003239155,1.002085805,0.228770584,1.118103981,-0.344263464,-0.754213572
11.85,1.001202822,1.004499316,0.228907168,1.053057313,-0.317948669,-0.74611938
11.86,1.002991915,1.001900554,0.227571234,0.985040665,-0.344997942,-0.783598185
11.87,1.00109303,1.004321098,0.227805018,0.850830972,-0.266177058,-0.780269027
11.88,1.002825975,1.001662612,0.226483718,0.739091098,-0.243806154,-0.810715139
11.89,1.001050591,1.004168868,0.226901844,0.588670909,-0.1738469,-0.795868993
11.9,1.002731681,1.001415133,0.22564356,0.469916999,-0.151257783,-0.823605895
11.91,1.002840757,1.001109242,0.225262806,0.366708249,-0.0968986,-0.824205279
11.92,1.00295186,1.00079596,0.224917501,0.270113945,-0.052392855,-0.827125907
11.93,1.003064156,1.000477195,0.224590391,0.198015288,-0.005218748,-0.8279652
11.94,1.003383994,1.000661731,0.224090651,0.126888767,0.021019159,-0.845262706
11.95,1.001824975,1.00361228,0.224480361,0.029199852,0.108549684,-0.815164804
11.96,1.002869487,1.000848889,0.223773703,0.011467502,0.097239308,-0.830203533
11.97,1.002945304,1.000552058,0.223570853,-0.038633291,0.115600467,-0.83022356
11.98,1.003019214,1.000255585,0.223408207,-0.081905358,0.126152769,-0.830443144
11.99,1.001395822,1.003030419,0.224489257,-0.224085361,0.216169462,-0.808286011
12,1.00136435,1.00285542,0.224505201,-0.267539352,0.221976086,-0.811002612
12.01,1.000607252,1.004173875,0.225793913,-0.378153622,0.269320041,-0.792670906
12.02,1.002686501,1.000430822,0.224638179,-0.281185716,0.194002286,-0.828803241
12.03,1.002684832,1.000200033,0.224753127,-0.297214329,0.175655037,-0.830657721
12.04,1.003297925,0.999658883,0.224502429,-0.294284374,0.123779133,-0.865488946
12.05,1.00332129,0.999440014,0.224639133,-0.265732378,0.085475467,-0.865122795
12.06,1.003342867,0.999226093,0.224804848,-0.227106258,0.05267407,-0.863903642
12.07,1.00145781,1.002298832,0.22598806,-0.301367462,0.137011349,-0.83387351
12.08,1.002752304,0.999833345,0.225323156,-0.214535594,0.062983572,-0.853084862
12.09,1.001068473,1.002531409,0.226428047,-0.241283163,0.119750015,-0.842197418
