0,35357,54852,56136,24502,-0.012,-0.120806962
0.01,35548,54856,56132,24273,-0.258,-0.120806962
0.02,34995,55132,57526,26008,-0.881,-0.184140831
0.03,34979,55154,57734,26337,-1.78,-0.51560688
0.04,38941,52794,56252,31692,-2.885,-1.286299109
0.05,48390,42925,49604,44300,-4.271,-2.644687891
0.06,55465,30617,39851,52975,-5.83,-7.649843216
0.07,56584,24238,36259,55331,-6.567,-7.649843216
0.08,57353,24786,35692,55186,-7.093,-11.2177
0.09,57509,24275,36173,55492,-7.178,-15.17200279
0.1,57573,23859,36235,55116,-6.82,-19.40381813
0.11,57870,24633,35408,54627,-6.088,-23.41868401
0.12,58009,24943,35604,54495,-4.921,-27.15769577
0.13,53871,37284,43840,47147,-3.902,-30.64199638
0.14,52571,40711,46583,45489,-2.285,-33.06347656
0.15,45760,50313,52680,33869,-1.236,-34.75030518
0.16,42520,53878,55320,28606,-0.11,-35.64539337
0.17,41779,54888,56240,26758,0.67,-35.86574554
0.18,42129,55721,57117,26942,1.12,-35.5825119
0.19,45381,54816,56533,31286,1.19,-34.9980278
0.2,55519,42398,48395,48857,0.908,-34.39250565
0.21,51356,48661,53349,42774,0.563,-33.83961487
0.22,58297,37219,45028,53895,0.069,-33.47910309
0.23,55419,42580,49817,50422,-0.228,-33.38389587
0.24,59690,33207,43204,57018,-0.406,-33.48804474
0.25,56371,42270,49984,52229,-0.337,-33.71225357
0.26,56324,43559,50991,52223,-0.061,-33.92024612
0.27,55019,48220,53322,48923,0.446,-33.97397232
0.28,54402,50796,54639,46966,1.024,-33.76672363
0.29,52917,53587,56780,44312,1.634,-33.22528839
0.3,52333,55607,57513,41879,2.139,-32.34048462
0.31,52652,55541,57887,42900,2.424,-31.16052055
0.32,52723,55268,58292,44397,2.587,-29.74538612
0.33,53626,54918,57930,45238,2.61,-28.26904678
0.34,54673,53518,57463,48127,2.466,-26.74198151
0.35,55725,52309,56820,49621,2.308,-25.31460381
0.36,60242,45125,50553,55905,2.187,-23.94800186
0.37,56259,50417,56242,51569,2.114,-22.59291458
0.38,59647,43523,50733,56069,2.152,-21.35207176
0.39,55889,50829,55669,49958,2.188,-20.10414886
0.4,58893,44184,50862,54643,2.321,-18.83404541
0.41,54625,52183,56097,47439,2.494,-17.49517441
0.42,53966,51416,55887,47241,2.637,-16.08426094
0.43,53745,51681,54641,45629,2.787,-14.58461189
0.44,55899,49025,51332,47994,2.885,-12.94375992
0.45,54708,46480,51383,48960,3.005,-11.24149609
0.46,50701,51842,55013,42962,3.029,-9.532810211
0.47,55173,46165,48977,47735,2.992,-7.799744129
0.48,50585,49526,53396,43708,2.886,-6.077234268
0.49,50370,47088,51678,44385,2.788,-4.412239075
0.5,50047,49672,51448,40917,2.704,-2.55074954
0.51,47600,43168,51720,45474,2.645,-0.799655676
0.52,47875,46880,51282,41524,2.523,0.726577103
0.53,51352,41060,46040,45696,2.313,2.183614016
0.54,50351,40612,45657,44869,2.17,3.541012526
0.55,50408,40277,44456,43861,2.066,4.801506519
0.56,48788,40858,45183,42104,2.057,6.001243591
0.57,47920,41452,45174,40635,2.095,7.178322792
0.58,47207,41095,45200,39984,2.112,8.372733116
0.59,37737,48763,50808,26382,2.108,10.14549732
0.6,38590,47254,51540,31450,2.069,11.61731625
0.61,42033,43661,48340,34711,1.911,12.94418716
0.62,42098,42952,48710,36017,1.695,14.11150455
0.63,42967,42651,47161,35799,1.472,15.1671648
0.64,44570,40159,45273,38128,1.18,16.02667999
0.65,44872,38837,44418,39041,0.866,16.7829628
0.66,44231,39050,45668,39570,0.651,17.36660194
0.67,45555,38497,43695,39692,0.478,17.79239845
0.68,45752,38581,43476,39726,0.378,18.07870102
0.69,45549,40502,43628,37444,0.349,18.3429718
0.7,44158,40364,45074,37800,0.429,18.54640388
0.71,42729,41828,46274,36044,0.481,18.82723427
0.72,42648,42061,46429,35979,0.569,19.09793282
0.73,42121,41851,46596,36269,0.625,19.47322273
0.74,40889,44170,49610,36239,0.58,19.9169445
0.75,43625,43007,47595,38424,0.517,20.25462341
0.76,42849,44325,49426,38399,0.422,20.61663818
0.77,45675,43590,47227,39863,0.228,20.86022758
0.78,45979,43195,47537,40953,0.046,21.00135994
0.79,47283,43770,46103,40335,-0.095,21.15184784
0.8,46041,44266,48864,41203,-0.193,21.16283607
0.81,46563,45093,48526,40746,-0.251,21.08584976
0.82,47399,45353,48350,40984,-0.313,20.94625282
0.83,46217,46067,49522,40577,-0.314,20.79269028
0.84,47534,46731,48681,40395,-0.341,20.60570526
0.85,47031,47263,49370,40414,-0.365,20.42852783
0.86,47056,46845,49683,41244,-0.361,20.21963882
0.87,47076,46508,50038,42163,-0.376,20.01069641
0.88,47818,46940,49735,42118,-0.414,19.79845238
0.89,48187,46513,49603,42911,-0.483,19.5618515
0.9,47936,47540,50123,42229,-0.507,19.28831482
0.91,47290,49100,50627,40373,-0.55,19.09151268
0.92,48568,47382,49582,42667,-0.594,18.77996445
0.93,48450,47174,49896,43109,-0.658,18.44091415
0.94,49210,47248,49251,43293,-0.728,18.06411743
0.95,47937,49214,50297,40888,-0.762,17.7094059
0.96,48504,47455,50004,43255,-0.782,17.27158165
0.97,47610,47804,50743,43036,-0.807,16.84192848
0.98,45413,48714,54207,44390,-0.836,16.52488136
0.99,49807,48805,50633,44693,-0.881,16.04663086
1,50065,48743,51099,45235,-0.915,15.545187
1.01,50336,48642,50872,45386,-0.961,15.02237892
1.02,50452,49814,51237,44588,-0.953,14.49174309
1.03,51153,48818,50648,45927,-0.992,13.94482422
1.04,50811,49912,51007,44901,-0.953,13.38572693
1.05,50963,49975,50900,44662,-0.933,12.83732605
1.06,51486,49411,50301,45032,-0.929,12.29308796
1.07,50554,49666,51036,44747,-0.922,11.76481056
1.08,50253,48974,51232,45392,-0.915,11.22100353
1.09,50449,48369,50880,45907,-0.92,10.69593525
1.1,50575,47787,50457,46215,-0.912,10.14565563
1.11,50042,48371,50591,45357,-0.891,9.624156952
1.12,49676,47780,50776,45886,-0.888,9.08364296
1.13,50999,48554,49290,45148,-0.84,8.574417114
1.14,49754,47989,50141,45279,-0.838,8.071638107
1.15,50568,48432,49086,44835,-0.802,7.59096241
1.16,50194,49182,49150,43377,-0.768,7.104017735
1.17,49876,46927,49190,45449,-0.746,6.660752296
1.18,49538,47505,49091,44446,-0.747,6.2329669
1.19,49602,47641,48739,44020,-0.745,5.801764488
1.2,49062,46757,48832,44635,-0.741,5.370072365
1.21,50473,45009,47059,46271,-0.725,4.855309486
1.22,49215,46621,48062,44305,-0.702,4.439901829
1.23,49514,45784,47381,44994,-0.647,3.976744652
1.24,48597,46266,48182,44199,-0.576,3.542926073
1.25,49442,44774,47243,45884,-0.542,3.212035179
1.26,48850,46675,47425,43717,-0.51,2.826034069
1.27,50021,44667,46262,45690,-0.489,2.531653881
1.28,49153,46266,46834,43696,-0.458,2.253745556
1.29,48658,45575,47274,44054,-0.407,1.987819672
1.3,52179,41308,38634,43987,-0.4,1.456958652
1.31,47559,42664,44342,42630,-0.364,1.230102539
1.32,47797,41546,43406,42797,-0.322,0.962280869
1.33,45768,42526,44412,40920,-0.241,0.774351716
1.34,44807,41320,44838,41648,-0.183,0.50978756
1.35,46146,41050,43882,42268,-0.142,0.401541144
1.36,45777,40663,43551,41922,-0.086,0.2901811
1.37,44781,41713,44415,40914,-0.025,0.239948794
1.38,44883,41535,44462,41232,-0.012,0.18239665
1.39,45597,41427,43686,41579,-0.001,0.175185427
1.4,45691,41163,43270,41366,0.015,0.141516209
1.41,45589,41751,43440,40992,0.016,0.148488998
1.42,45547,41747,43704,41078,0.02,0.156000391
1.43,46102,41885,43122,41151,0.002,0.166087911
1.44,45643,42222,43897,41049,0.001,0.111246109
1.45,46566,40665,43264,42813,-0.012,0.106650174
1.46,46191,41385,43990,42414,-0.015,0.097162165
1.47,45580,42004,44818,41998,0.019,0.087347135
1.48,46412,41917,44287,42392,0.015,0.010578538
1.49,47329,40278,43793,44345,0.042,0.022737231
1.5,46367,42285,45207,42808,0.072,0.048484255
1.51,46861,42482,44995,42786,0.087,0.088087656
1.52,46657,42937,45564,42665,0.112,0.04250066
1.53,48036,41783,44537,44494,0.123,0.106597573
1.54,47416,43255,45569,43524,0.128,0.116608411
1.55,47673,42854,45837,44359,0.163,0.19106704
1.56,48011,43993,45718,43395,0.146,0.220499322
1.57,48373,42858,45611,45124,0.157,0.305178046
1.58,48817,43111,45158,45749,0.14,0.343154281
1.59,48068,44375,46519,44179,0.16,0.428276569
1.6,48874,43649,46178,45504,0.178,0.471545994
1.61,48646,44914,46334,44536,0.164,0.572525501
1.62,48305,45303,47120,44279,0.192,0.626471698
1.63,48847,45083,46688,44912,0.204,0.731364667
1.64,48551,45378,47008,44752,0.196,0.849707246
1.65,49011,45740,46739,44693,0.188,0.962811172
1.66,48573,46068,47331,44294,0.21,1.072176337
1.67,48969,45513,46943,44939,0.167,1.184026599
1.68,49084,45679,46807,44895,0.149,1.282901883
1.69,48610,45330,47340,45256,0.141,1.369544864
1.7,49714,45274,46057,45308,0.096,1.449431181
1.71,49236,45157,46497,45442,0.079,1.510274768
1.72,49068,45922,46806,44611,0.066,1.55549562
1.73,49280,45137,46525,45354,0.052,1.591623306
1.74,48860,45162,46862,45309,0.046,1.623802304
1.75,48696,45481,46982,44964,0.052,1.648628235
1.76,49223,44942,46298,45491,0.039,1.676294208
1.77,48270,44436,47166,45774,0.041,1.702257514
1.78,49166,45258,46129,44891,0.013,1.724372506
1.79,48739,44254,46488,45892,0.023,1.732835293
1.8,48306,45762,46924,44391,0.018,1.743911743
1.81,49005,45669,45967,44363,-0.021,1.744511485
1.82,48319,45313,46626,44698,-0.001,1.731306314
1.83,49190,45090,45443,44884,-0.001,1.730149865
1.84,48631,45248,46205,44685,-0.042,1.728568673
1.85,48771,44723,45919,45188,-0.043,1.704425335
1.86,47697,44894,46839,44898,-0.055,1.679298759
1.87,47810,44966,46598,44987,-0.049,1.64428103
1.88,47953,45075,46385,44742,-0.042,1.615049362
1.89,48262,44941,46006,44687,-0.04,1.587953568
1.9,48722,44856,44418,45741,-0.021,1.282447577
1.91,49703,45274,44994,45414,-0.031,1.267600536
1.92,49350,45101,45277,45575,-0.02,1.22703445
1.93,48658,45101,46165,45428,0.039,1.215682626
1.94,48776,45850,46101,44929,0.102,1.218586326
1.95,48042,45610,46885,44973,0.158,1.275652289
1.96,48395,45688,46383,45005,0.171,1.347422242
1.97,47679,45596,46933,45188,0.178,1.444107294
1.98,47761,45316,46877,45321,0.163,1.523193955
1.99,47157,44987,47305,45590,0.155,1.616120577
2,48307,44794,45927,45998,0.095,1.675020337
2.01,48672,45094,45500,45685,0.053,1.733678222
2.02,48102,45785,45986,44882,0.06,1.742668509
2.03,48110,45737,45895,44841,0.058,1.774144769
2.04,48187,45563,45784,44955,0.037,1.783351779
2.05,48102,45118,45624,45330,0.028,1.8040272
2.06,48507,45175,45211,45205,0.007,1.796150088
2.07,47906,44773,45808,45665,0.001,1.802790284
2.08,48101,44594,45616,45767,-0.012,1.778973341
2.09,47575,44370,46108,45896,-0.022,1.771710634
2.1,47381,44405,46205,45892,0.002,1.738852262
2.11,47906,45025,45664,45276,0.016,1.738655448
2.12,47995,44442,45540,45820,0.019,1.728011489
2.13,47623,45123,45894,45155,0.03,1.74000001
2.14,47851,45073,45586,45220,0.024,1.737638712
2.15,47762,45262,45719,44974,0.042,1.753847718
2.16,48024,44988,45487,45167,0.014,1.760354042
2.17,48047,44511,45518,45606,-0.021,1.771711111
2.18,48262,44413,45481,45542,-0.049,1.74958992
2.19,48310,44385,45269,45434,-0.081,1.724801302
2.2,48219,44431,45537,45508,-0.091,1.666075468
2.21,47740,44965,46135,45111,-0.057,1.612887979
2.22,48796,43939,45031,45995,-0.071,1.558603287
2.23,47465,44498,46502,45590,-0.026,1.523719788
2.24,48171,44491,46467,44850,0.02,1.490754366
2.25,47445,44775,46872,45135,0.022,1.50113678
2.26,48152,43917,46946,45111,0.004,1.49675262
2.27,48219,44489,46208,45353,-0.024,1.500328183
2.28,49206,43781,46212,44902,-0.072,1.469113708
2.29,48186,45046,46344,44774,-0.073,1.426496983
2.3,47773,44011,46767,45537,-0.073,1.367199063
2.31,48803,43573,46669,44899,-0.083,1.322659373
2.32,48210,44422,46313,45038,-0.09,1.261001468
2.33,48873,43581,46635,44752,-0.09,1.205056071
2.34,48199,44262,46404,44998,-0.089,1.13688004
2.35,48497,43862,47045,44354,-0.059,1.083116412
2.36,47644,43473,46854,45438,-0.088,1.02394712
2.37,49023,42890,46687,44907,-0.06,0.980635285
2.38,47856,44230,46675,44773,-0.047,0.926021397
2.39,48909,43193,46659,44583,-0.053,0.895765901
2.4,49258,42354,46444,45121,-0.075,0.849234641
2.41,49454,42623,46250,44821,-0.077,0.808553517
2.42,49329,43008,46419,44520,-0.077,0.745861828
2.43,49523,42853,46336,44526,-0.097,0.698678613
2.44,49600,43024,46454,44078,-0.079,0.624767184
2.45,48465,40180,43323,41798,-0.039,0.474253744
2.46,48320,40520,43224,41722,-0.028,0.448012471
2.47,46686,40581,44236,41506,0.028,0.434155434
2.48,45898,40124,44318,41304,0.079,0.453251749
2.49,44697,40202,45546,40702,0.15,0.497564912
2.5,44196,40152,46014,40630,0.184,0.581484914
2.51,44734,39646,45475,41310,0.177,0.685514867
2.52,44313,39589,45797,41387,0.173,0.791741908
2.53,44892,40012,45417,41108,0.142,0.888178885
2.54,45922,39266,44866,41938,0.083,0.965275764
2.55,46381,39505,44535,41976,0.043,1.015265346
2.56,47125,40718,44266,41029,-0.003,1.028158903
2.57,47895,40245,43662,41929,-0.067,1.021890879
2.58,47926,39948,43936,42404,-0.08,0.987942934
2.59,48055,40728,44360,42048,-0.082,0.943834424
2.6,48045,40784,44886,42295,-0.071,0.895550966
2.61,47600,41114,46027,42306,-0.027,0.856226146
2.62,47966,41238,46008,42690,-0.013,0.839631081
2.63,47769,42091,46359,42275,0.017,0.831294
2.64,48347,41656,46200,43084,-0.009,0.835509062
2.65,48197,42417,46997,42550,0.026,0.83218205
2.66,48074,42207,47606,43107,0.018,0.842934668
2.67,49239,41923,46665,43574,-0.035,0.848418653
2.68,48857,43025,46442,44399,-0.051,0.768909454
2.69,49594,42601,47189,43889,-0.06,0.736823022
2.7,49149,43074,46864,44909,-0.064,0.686686814
2.71,50356,43131,47006,43988,-0.083,0.64638114
2.72,49437,44372,47440,44177,-0.028,0.605737567
2.73,50621,43397,47804,43868,-0.029,0.58733207
2.74,50272,44465,46891,44564,-0.026,0.568768263
2.75,50212,43334,48424,44501,-0.039,0.533440053
2.76,49586,44057,48376,45370,-0.011,0.489292413
2.77,50480,43900,48614,44339,-0.014,0.478714705
2.78,50003,44612,48211,45237,-0.014,0.468666971
2.79,50758,43876,48588,44960,-0.031,0.457648486
2.8,50656,44432,48057,45654,-0.04,0.427379161
2.81,50666,44873,48084,45257,-0.033,0.405462295
2.82,50679,44341,48182,45703,-0.044,0.385946155
2.83,50448,44594,48392,45340,-0.071,0.35531041
2.84,50880,44080,47965,45821,-0.078,0.305746645
2.85,50318,43619,48621,46144,-0.07,0.262080073
2.86,50990,43152,47900,46460,-0.094,0.22578752
2.87,50853,43715,47971,45731,-0.066,0.170586333
2.88,49948,43716,48751,45560,-0.052,0.124728575
2.89,51000,44270,47552,45004,-0.027,0.100676939
2.9,51018,44301,47519,44968,-0.034,0.085631087
2.91,50528,44117,48064,44956,-0.029,0.066081032
2.92,50485,43773,48100,45068,-0.037,0.04827394
2.93,50596,43859,47833,44612,-0.056,0.022627568
2.94,50892,43565,47428,44785,-0.078,-0.040894538
2.95,49861,43795,48364,44647,-0.059,-0.085928507
2.96,50548,43768,47632,44615,-0.036,-0.129282385
2.97,50354,42945,47500,45075,-0.044,-0.156949967
2.98,49401,44034,48572,43871,-0.01,-0.185514525
2.99,49318,43261,48572,44535,-0.02,-0.206220835
3,49716,42934,47795,44800,-0.001,-0.219450265
3.01,50576,43823,46936,43840,0.01,-0.220833704
3.02,49675,43425,47793,43924,0.01,-0.219169661
3.03,49149,43136,48267,44123,-0.003,-0.227223948
3.04,49723,42938,47458,44179,-0.007,-0.234605595
3.05,49459,42498,47794,44307,-0.015,-0.237112731
3.06,49661,42652,47545,44069,-0.001,-0.248320609
3.07,49953,43987,47164,42784,0.004,-0.256023824
3.08,50011,42334,47147,44235,-0.031,-0.258697748
3.09,49843,42034,47238,44457,-0.031,-0.272325128
3.1,49738,42199,47222,44082,-0.028,-0.289527446
3.11,49949,42724,46941,43502,-0.021,-0.322544873
3.12,50053,42649,46814,43702,0,-0.348384917
3.13,49838,42787,46887,43591,-0.01,-0.355431944
3.14,49854,42607,47132,43772,-0.001,-0.36158666
3.15,49408,41858,47476,44209,0.007,-0.360044956
3.16,49331,42473,47642,43628,0.051,-0.349005371
3.17,49740,42486,47080,43621,0.051,-0.328847587
3.18,49122,42489,47537,43421,0.042,-0.303085417
3.19,49941,42112,46646,43759,0.021,-0.278252184
3.2,50014,42475,46676,43592,0.014,-0.291891515
3.21,49792,41800,46959,44204,-0.009,-0.282727748
3.22,49859,42426,46896,43637,0.011,-0.279871911
3.23,49799,42394,47015,43596,0.003,-0.275817513
3.24,50183,42450,46533,43637,0.004,-0.269936055
3.25,49606,42837,47324,43351,0.03,-0.268060267
3.26,49753,42669,47357,43634,0.025,-0.254467189
3.27,49475,42656,47531,43703,0.049,-0.238408998
3.28,50354,42946,46927,43682,0.041,-0.230485275
3.29,49613,42752,47773,44006,0.043,-0.202825636
3.3,50179,43568,47431,43357,0.047,-0.177968144
3.31,50177,43007,47662,43555,0.047,-0.146232978
3.32,49341,42205,48437,44409,0.04,-0.119343832
3.33,49394,42974,48157,43902,0.047,-0.093766384
3.34,49033,42636,48393,44359,0.032,-0.074569196
3.35,49058,42940,48314,44257,0.036,-0.067710698
3.36,49967,42931,47213,44409,0.005,-0.050523862
3.37,49394,42972,47733,44537,0.017,-0.051697474
3.38,50033,42695,47184,44923,0.007,-0.061868168
3.39,49924,43439,47314,44142,0.013,-0.057439361
3.4,49779,43128,47515,44432,0.017,-0.055129606
3.41,49970,43104,47082,44674,0,-0.04819892
3.42,49870,43217,46984,44654,0.003,-0.049188912
3.43,49768,43187,47327,44433,0.029,-0.042408764
3.44,50126,42865,46746,44931,0.004,-0.034192871
3.45,49259,43182,47831,44654,0.042,-0.019758428
3.46,49793,43582,47380,44176,0.036,0.001713392
3.47,49496,42788,47873,44949,0.03,0.024413103
3.48,49176,42970,48097,44737,0.035,0.040868148
3.49,49139,43255,48193,44633,0.035,0.061428376
3.5,49377,43401,47972,44391,0.03,0.078681216
3.51,49478,43354,47775,44335,0.02,0.089860521
3.52,49819,42431,47194,45295,-0.008,0.086835369
3.53,49533,43062,47484,44701,-0.007,0.084637843
3.54,49538,43328,47427,44425,-0.009,0.077293597
3.55,49497,43214,47496,44484,-0.001,0.072156154
3.56,49363,42710,47628,44909,-0.001,0.072538167
3.57,49800,43161,47308,44192,0.011,0.074955046
3.58,48966,43150,47962,44356,0.02,0.069932088
3.59,49338,43043,47773,44627,0.011,0.09022329
3.6,49309,43310,47759,44277,0.013,0.097234726
3.61,49930,42409,47148,44943,-0.004,0.100386903
3.62,49176,43513,47777,44188,0,0.094407633
3.63,50057,42795,47194,44720,-0.028,0.094097733
3.64,50018,43200,47030,44614,-0.026,0.080854073
3.65,49931,43290,47421,44345,-0.021,0.070123099
3.66,50024,43861,47064,43997,-0.022,0.056551408
3.67,49760,43634,47742,44147,-0.021,0.042849306
3.68,49743,43169,47671,44686,-0.02,0.026125688
3.69,49753,43058,47822,44582,-0.021,0.01326817
3.7,49937,43117,47643,44325,-0.015,0.000270565
3.71,49820,43141,47590,44357,-0.005,-0.00695197
3.72,49471,43176,47829,44473,0.002,-0.009917111
3.73,50055,43124,47286,44658,-0.009,-0.00457375
3.74,49674,43798,47677,44078,0.002,-0.009527986
3.75,49268,42694,48062,45115,-0.02,-0.014019441
3.76,49879,42424,47148,45269,-0.035,-0.025391601
3.77,50102,42481,47192,45015,-0.044,-0.046351708
3.78,50088,42887,47192,44679,-0.045,-0.072653718
3.79,50036,43054,47224,44579,-0.052,-0.102141
3.8,50038,42773,47278,44757,-0.046,-0.130507991
3.81,50232,43362,47243,44350,-0.035,-0.154392615
3.82,50070,43413,47418,44256,-0.019,-0.172382414
3.83,49902,42987,47526,44660,-0.013,-0.180788472
3.84,49764,43077,47734,44521,-0.014,-0.190255836
3.85,50138,43207,47362,44437,-0.016,-0.196306184
3.86,49622,43167,48064,44420,0.005,-0.204462588
3.87,50227,42662,47379,44755,-0.019,-0.202430695
3.88,50160,43305,47367,44270,-0.004,-0.202430695
3.89,49664,42977,47959,44545,-0.011,-0.208379984
3.9,49975,42789,47600,44779,-0.022,-0.213633493
3.91,49845,42740,47756,44719,-0.001,-0.221912026
3.92,49633,43034,47934,44450,-0.007,-0.232009321
3.93,50004,43231,47470,44260,-0.005,-0.237703264
3.94,49572,43190,47654,44144,0.002,-0.24378553
3.95,49791,43395,47325,44039,-0.003,-0.24657771
3.96,49623,43157,47555,44186,-0.002,-0.247909844
3.97,49436,42939,47723,44421,0.016,-0.249485746
3.98,49757,43140,47429,44328,-0.007,-0.245081663
3.99,50007,43043,47151,44432,-0.008,-0.244625807
4,49731,42772,47364,44659,0,-0.24656862
4.01,49811,43099,47250,44374,-0.011,-0.250374645
4.02,50187,42867,46835,44518,-0.02,-0.254077762
4.03,49864,42911,47154,44402,-0.01,-0.2583974
4.04,49545,43638,47435,43742,-0.002,-0.262042284
4.05,49811,43166,47243,44126,-0.006,-0.269806951
4.06,50082,43585,46949,43672,-0.004,-0.270084828
4.07,49959,42912,47129,44371,-0.004,-0.274674237
4.08,49673,42753,47489,44423,0.021,-0.275386244
4.09,49439,42990,47706,44164,0.041,-0.268362731
4.1,49505,42868,47506,44376,0.024,-0.244158193
4.11,49374,43019,47595,44228,0.029,-0.22744064
4.12,49252,42509,47827,44575,0.027,-0.215097383
4.13,49665,42342,47392,44733,0.012,-0.205910429
4.14,49514,42376,47290,44589,-0.012,-0.192425936
4.15,49597,42391,47382,44709,-0.01,-0.196798593
4.16,49325,42905,47609,44020,0.005,-0.200532734
4.17,49324,43433,47567,43453,0.007,-0.201419979
4.18,49422,43136,47362,43779,0.002,-0.202840269
4.19,49323,43228,47446,43560,0.025,-0.199658006
4.2,49164,42475,47626,44213,0.02,-0.188935831
4.21,50219,42176,46426,44366,-0.005,-0.175866261
4.22,50119,42243,46526,44244,-0.001,-0.163232878
4.23,49453,42623,47260,43875,-0.005,-0.158563957
4.24,50064,42700,46569,43793,0.003,-0.167818129
4.25,49573,42892,47036,43583,-0.005,-0.167324647
4.26,49237,42523,47438,43885,-0.008,-0.174124077
4.27,49663,41883,46949,44556,-0.001,-0.184004173
4.28,49451,42369,47353,44103,0.023,-0.18276304
4.29,49271,43012,47615,43584,0.027,-0.17376928
4.3,49494,42909,47507,43652,0.019,-0.165748015
4.31,49645,42031,47498,44236,0.034,-0.13005127
4.32,49655,42761,47381,43936,0.024,-0.13005127
4.33,49347,43102,47655,43612,0.043,-0.114827469
4.34,49939,42451,46963,44252,0.004,-0.094852962
4.35,50066,42055,46742,44532,-0.029,-0.076144703
4.36,50037,43277,47023,43445,0,-0.080448955
4.37,49948,41451,47189,45191,-0.027,-0.090708397
4.38,49611,42615,47337,44101,-0.007,-0.09340021
4.39,49725,42770,47466,44128,0,-0.099033736
4.4,49876,42692,47180,44411,0,-0.102771692
4.41,49750,43033,47287,44096,0.01,-0.100623064
4.42,49134,43284,48053,43712,0.035,-0.09615159
4.43,49627,42254,47490,44738,0.013,-0.076340519
4.44,49655,42916,47552,44196,-0.005,-0.071859181
4.45,49809,42512,47298,44599,-0.013,-0.075281814
4.46,49577,43380,47582,43758,0.021,-0.070748463
4.47,49328,42564,47767,44471,-0.003,-0.061864708
4.48,49510,42396,47547,44683,0.004,-0.061428957
4.49,49795,42546,47154,44615,0.03,-0.054161228
4.5,49317,43644,47768,43513,0.022,-0.037730545
4.51,50039,42666,46966,44645,-0.018,-0.030275295
4.52,49880,42324,47205,44958,-0.015,-0.033619091
4.53,49826,42850,47252,44507,-0.014,-0.024535317
4.54,49833,43469,47460,44284,0,-0.031890027
4.55,49930,43039,47528,44881,-0.012,-0.033532035
4.56,49788,43778,47743,44113,0.009,-0.037416138
4.57,49294,43685,48227,44303,0.002,-0.034267612
4.58,49599,43403,48100,44649,0.025,-0.041384321
4.59,49875,44136,47967,44091,0.031,-0.030624222
4.6,49850,43631,47924,44609,0.013,-0.01899966
4.61,49576,43296,48102,45088,0.001,-0.013879361
4.62,50536,43292,46968,45042,-0.037,-0.015072221
4.63,49836,43568,47723,44699,-0.01,-0.030861864
4.64,50391,43590,46986,44734,-0.041,-0.041243579
4.65,50174,43299,47008,44811,-0.047,-0.063332014
4.66,49962,42845,47243,45172,-0.031,-0.085761689
4.67,49902,43296,47219,44786,-0.023,-0.1023513
4.68,49427,42851,47676,45245,-0.02,-0.116052657
4.69,49559,42656,47528,45264,-0.022,-0.128293529
4.7,49238,43770,47777,44187,0.01,-0.137270749
4.71,49262,43606,47589,44375,0.014,-0.13822341
4.72,49581,43355,47241,44524,-0.005,-0.136249989
4.73,49328,43317,47349,44665,0.013,-0.137296751
4.74,49354,43497,47137,44205,0.017,-0.129802495
4.75,48916,42993,47550,44754,0.023,-0.129069284
4.76,49310,43262,47112,44525,-0.011,-0.116256416
4.77,49628,43006,46415,44681,-0.027,-0.121593766
4.78,49342,42972,46924,44637,-0.027,-0.13185364
4.79,49071,43116,47195,44493,-0.005,-0.148463726
4.8,49787,42911,46184,44583,-0.019,-0.153095067
4.81,48612,43072,47583,44617,0.003,-0.14536491
4.82,48398,43234,47869,44561,0.042,-0.146477744
4.83,49362,43219,46825,44549,0.001,-0.129999936
4.84,49296,42404,46965,45159,0.019,-0.122892402
4.85,48761,43387,47444,44207,0.016,-0.109462045
4.86,49499,42722,46782,45056,-0.008,-0.112014726
4.87,49142,43003,47094,44877,-0.025,-0.0994853
4.88,49544,43563,46826,44439,-0.012,-0.116811886
4.89,49178,42532,47406,45328,-0.023,-0.126539811
4.9,49110,42422,47598,45515,-0.016,-0.137796983
4.91,49284,43787,47250,44397,-0.006,-0.139010578
4.92,49592,43048,47100,45122,-0.011,-0.146286398
4.93,49686,43669,47090,44739,-0.001,-0.142090216
4.94,49350,43332,47488,45045,0.031,-0.142961413
4.95,49727,42938,47135,45355,-0.015,-0.125335172
4.96,49359,43329,47516,45145,-0.001,-0.130990267
4.97,49711,43536,47215,45039,-0.009,-0.131022945
4.98,49759,43580,47238,44948,-0.007,-0.130859599
4.99,49519,43566,47720,45066,0.002,-0.132986188
5,49414,43820,47842,44806,0.031,-0.1299119
5.01,49942,43392,47246,45236,0.004,-0.112506375
5.02,49734,44134,47499,44531,-0.009,-0.111185506
5.03,49733,42962,47497,45615,-0.027,-0.114487693
5.04,49693,43207,47608,45237,-0.006,-0.122754484
5.05,49789,43478,47334,45079,-0.014,-0.13080515
5.06,49764,43042,47401,45489,-0.015,-0.13722685
5.07,49411,43136,47858,45375,-0.013,-0.146897197
5.08,49518,43500,47659,44827,-0.002,-0.148793012
5.09,49670,43471,47500,44887,0.005,-0.149348974
5.1,49781,43582,47266,44870,-0.005,-0.148372814
5.11,49434,43507,47703,44871,0.014,-0.147998646
5.12,49847,43690,47232,44648,0.005,-0.135372594
5.13,49745,44042,47474,44425,0.01,-0.131871343
5.14,49341,43649,47685,44692,0.01,-0.126730278
5.15,49163,43630,47792,44732,0.002,-0.122038655
5.16,50033,43805,46736,44505,-0.012,-0.120005853
5.17,49938,43530,46912,44603,-0.001,-0.121748261
5.18,49165,43599,47732,44407,0,-0.12699835
5.19,49127,43183,47862,44721,0,-0.130321503
5.2,49946,43740,46967,44234,-0.004,-0.130991206
5.21,48788,43206,48203,44728,0.012,-0.130473986
5.22,50247,43053,46553,44923,0,-0.1250792
5.23,49296,43537,47690,44371,0,-0.118194886
5.24,49390,43347,47607,44543,0.03,-0.113090128
5.25,49664,43785,47151,44236,0.019,-0.095775716
5.26,49481,43403,47326,44529,0.011,-0.088102221
5.27,48859,43568,48072,44272,0.027,-0.082722701
5.28,49768,43564,46935,44173,0.015,-0.067174122
5.29,49058,42901,47661,44862,0.007,-0.057910457
5.3,49206,43003,47496,44780,-0.006,-0.053053729
5.31,49869,43069,46788,44695,-0.024,-0.057681125
5.32,49971,42457,46695,45147,-0.048,-0.074701242
5.33,49206,43026,47500,44656,-0.022,-0.093630917
5.34,49722,42055,46833,45664,-0.056,-0.105704717
5.35,49131,43132,47394,44449,-0.007,-0.128471643
5.36,49323,42923,47263,44893,-0.009,-0.132542118
5.37,48689,43245,47827,44396,0.019,-0.136253759
5.38,49074,43559,47283,44143,0.012,-0.127904847
5.39,48561,42902,47857,44738,0.019,-0.124928221
5.4,49140,43001,47150,44882,0.006,-0.114778906
5.41,49414,43019,46885,44828,-0.01,-0.109974347
5.42,48770,43889,47530,44017,0.019,-0.119810104
5.43,49899,43227,46320,44630,0.009,-0.115737699
5.44,49172,43547,47127,44368,-0.003,-0.110308014
5.45,49555,42536,46612,45423,-0.028,-0.11566823
5.46,50061,43030,46274,44746,-0.045,-0.130152255
5.47,49042,43537,47142,44480,-0.004,-0.153820172
5.48,49015,42866,47304,45044,0,-0.157295659
5.49,49248,43039,47010,44926,0.003,-0.155901313
5.5,48347,43067,47934,44943,0.041,-0.155398563
5.51,48940,42696,47113,45621,0.026,-0.131213993
5.52,48936,42850,46891,45758,0.013,-0.11391785
5.53,48845,42895,46920,46055,-0.006,-0.106501184
5.54,48946,43189,46884,45785,-0.004,-0.109830052
5.55,49360,43407,46380,45791,-0.035,-0.116150118
5.56,48571,44343,47179,44975,0.01,-0.136392415
5.57,49656,43008,46049,46193,-0.035,-0.133716688
5.58,48646,43717,47137,45455,0,-0.151245832
5.59,48789,43540,46874,45719,-0.006,-0.156345069
5.6,48479,42966,47118,46430,0.004,-0.157187968
5.61,48271,44557,47246,45017,0.046,-0.153414667
5.62,48665,44697,46676,44861,0.054,-0.128445983
5.63,48510,44419,46807,45117,0.052,-0.097353518
5.64,48859,44317,46513,45149,0.034,-0.06896504
5.65,48026,44221,47433,45182,0.067,-0.045821592
5.66,48536,43396,46810,45944,0.024,-0.011468383
5.67,48682,43584,46659,45721,-0.011,0.031891186
5.68,49273,43719,46119,45841,-0.032,0.02781485
5.69,49114,43809,46280,45717,-0.03,0.011984137
5.7,48767,44289,46651,45326,-0.014,-0.001665456
5.71,49208,44500,46139,45135,-0.003,-0.007576303
5.72,48869,43916,46507,45690,-0.022,-0.011920164
5.73,49268,43440,46059,46114,-0.028,-0.017414156
5.74,48393,44256,47057,45374,-0.005,-0.032990202
5.75,48675,43934,46748,45647,-0.016,-0.039127577
5.76,48868,43718,46459,45813,-0.01,-0.044242732
5.77,48004,43610,47236,46020,-0.003,-0.038819663
5.78,48335,44365,46971,45563,0.017,-0.037795492
5.79,48706,44391,46442,45612,0.004,-0.027301002
5.8,48929,44131,46475,45792,-0.004,-0.022311455
5.81,48769,44236,46528,45516,-0.006,-0.022173606
5.82,48565,43205,47283,45902,-0.025,-0.021388585
5.83,48949,43637,46378,46306,-0.045,-0.029807387
5.84,49078,43874,46368,46119,-0.041,-0.05224929
5.85,48641,44597,47123,45098,-0.012,-0.076506823
5.86,48541,44079,47170,45614,0.008,-0.080124289
5.87,48766,43913,46900,45743,0.008,-0.072742209
5.88,48715,43974,47114,45461,0.012,-0.065026827
5.89,48846,43390,47181,45549,-0.002,-0.056709085
5.9,49135,43794,46779,44955,-0.003,-0.042137917
5.91,48825,43209,47130,45512,-0.014,-0.043289036
5.92,49128,43672,46853,45020,-0.024,-0.051783528
5.93,49131,42972,46645,45634,-0.035,-0.067163251
5.94,48834,43454,47138,45002,-0.025,-0.0858825
5.95,48525,43719,47312,44960,0.008,-0.096105799
5.96,48856,43666,46954,44929,0.006,-0.085395947
5.97,48392,44184,47610,44616,0.023,-0.067607991
5.98,48865,43704,47135,45096,0.03,-0.053018205
5.99,48735,43357,47444,45451,0.019,-0.02813226
6,48965,43511,47166,45354,-0.01,-0.017861387
6.01,49135,43961,47139,44780,-0.014,-0.022680487
6.02,50114,43617,45922,45222,-0.046,-0.028023278
6.03,48949,43994,47474,45009,-0.038,-0.044695485
6.04,49226,43692,47280,45224,-0.042,-0.069479339
6.05,49182,43513,47486,45318,-0.034,-0.087581813
6.06,49511,44800,47000,44169,-0.024,-0.107560195
6.07,48217,43635,48434,45158,0.012,-0.117673986
6.08,49184,44120,47502,44637,0.004,-0.108351275
6.09,49329,43299,47380,45473,-0.011,-0.104345672
6.1,49422,43885,47227,45016,-0.031,-0.108885258
6.11,49048,43746,47684,44999,-0.008,-0.122866236
6.12,48987,43405,47754,45186,-0.003,-0.128700659
6.13,48986,43348,47786,45216,0.007,-0.129265696
6.14,49334,43790,47443,44677,0.015,-0.125284553
6.15,49940,43253,46711,45185,-0.036,-0.119543739
6.16,48771,44003,47827,44290,-0.018,-0.141766846
6.17,50284,43010,46244,45264,-0.057,-0.155313149
6.18,50023,42474,46659,45696,-0.047,-0.183661669
6.19,49078,43697,47672,44516,-0.024,-0.203641742
6.2,48761,42452,48076,45540,-0.01,-0.216340601
6.21,49108,43541,47645,44380,-0.013,-0.230122641
6.22,49563,42545,47216,45196,-0.021,-0.238351732
6.23,49456,42419,47301,45370,-0.025,-0.248065144
6.24,49611,43580,47148,44261,-0.029,-0.263307363
6.25,49701,42654,47145,45091,-0.02,-0.276904404
6.26,49760,42936,46963,44846,-0.027,-0.287491828
6.27,49775,42784,47039,44808,-0.008,-0.297973007
6.28,49618,43366,47186,44294,-0.018,-0.303525656
6.29,49719,42776,47003,44879,-0.017,-0.311480731
6.3,49634,42730,47133,44816,-0.003,-0.316919744
6.31,49162,42666,47655,44860,-0.021,-0.320309132
6.32,49301,43108,47604,44492,0.016,-0.338146955
6.33,49430,42291,47485,45382,-0.015,-0.332621932
6.34,49187,43562,47923,44062,0.019,-0.339237154
6.35,49439,42365,47540,45305,0.019,-0.3286964
6.36,49000,43367,48031,44326,0.058,-0.31705004
6.37,49475,43124,47610,44739,0.034,-0.288207978
6.38,49352,43622,47740,44260,0.056,-0.267903596
6.39,49738,42988,47404,44927,0.016,-0.238888755
6.4,49544,43938,47748,43932,0.027,-0.229794264
6.41,49432,42695,47867,45084,-0.003,-0.217327222
6.42,49764,42628,47475,45135,0.021,-0.211544022
6.43,49913,42326,47390,45379,0.006,-0.197244287
6.44,49343,42518,48076,45273,0.024,-0.189305305
6.45,49946,42667,47379,44978,0.01,-0.17515187
6.46,49668,42656,47788,45121,0.013,-0.167194903
6.47,49724,42672,47491,45062,0.007,-0.155963525
6.48,49391,42949,47861,44670,0.012,-0.149455562
6.49,50084,42661,47254,45073,-0.003,-0.143580154
6.5,50010,42485,47212,45073,-0.008,-0.158080593
6.51,49777,43134,47607,44579,0.001,-0.156235859
6.52,49754,43426,47725,44220,0.031,-0.156233788
6.53,49798,43045,47655,44712,0.022,-0.140402749
6.54,49854,42731,47591,44967,0.027,-0.125499889
6.55,49676,43553,47952,44360,0.042,-0.109255672
6.56,50116,43177,47558,44776,0.033,-0.08931867
6.57,49352,43953,48289,44172,0.073,-0.067490682
6.58,49629,42675,48350,45039,0.054,-0.030580759
6.59,49544,43381,48218,44678,0.047,0.002955967
6.6,49702,42429,48365,45266,0.037,0.02886755
6.61,49752,43261,48254,44604,0.038,0.053834204
6.62,49338,43172,48613,44873,0.036,0.074341148
6.63,49637,43544,48243,44617,0.025,0.093322411
6.64,49363,44261,48548,44027,0.038,0.105116859
6.65,49673,43043,48238,45275,0.027,0.121151738
6.66,49368,43528,48571,44882,0.049,0.126755878
6.67,49635,43218,48562,45324,0.027,0.153387398
6.68,49673,43772,48450,44891,0.027,0.1685047
6.69,49763,43744,48319,44933,0.026,0.185134932
6.7,49681,43699,48263,44992,0.047,0.200120747
6.71,49369,43829,48527,44924,0.04,0.224850431
6.72,49339,43632,48647,44951,0.046,0.246364594
6.73,49962,43730,47930,44866,0.044,0.267581195
6.74,49565,43628,48347,44999,0.038,0.293652892
6.75,49349,43755,48406,45043,0.032,0.31258902
6.76,49702,43379,48118,45210,0.011,0.327739477
6.77,49873,43205,47844,45343,-0.005,0.332822323
6.78,49477,43090,48231,45404,-0.008,0.327405989
6.79,49558,43324,47979,45176,-0.006,0.319710195
6.8,49854,42909,47504,45455,-0.006,0.315823168
6.81,49708,43542,47596,44813,-0.001,0.314964712
6.82,48837,43279,47906,45242,0.006,0.315728784
6.83,49972,42974,46839,45230,-0.001,0.323561728
6.84,49404,43708,47319,44566,0.035,0.332121491
6.85,48953,43161,47687,45143,0.023,0.352607965
6.86,48575,43659,47165,45333,0.01,0.363765448
6.87,48183,44133,47421,44983,0.03,0.372637659
6.88,48231,43286,47270,45885,-0.011,0.38357842
6.89,48609,43346,47532,45026,0,0.375693232
6.9,48350,43643,46840,45796,-0.02,0.361392468
6.91,48709,43632,47338,44742,-0.005,0.350471139
6.92,47661,43304,47409,46134,0.015,0.342971504
6.93,47631,43785,47339,45893,0.01,0.350065768
6.94,48501,43583,47405,45158,0.013,0.356912285
6.95,47069,44573,48011,45720,0.048,0.377338141
6.96,48389,43951,47817,45133,0.006,0.392171174
6.97,48379,44326,46978,46125,0.001,0.39454928
6.98,49016,44429,46240,46258,-0.028,0.385150492
6.99,48535,45101,46736,45808,-0.025,0.367066175
7,48630,43779,47844,45834,-0.015,0.347597301
7.01,48680,44618,46593,46426,-0.034,0.338411152
7.02,48273,44741,47073,46564,-0.013,0.321724892
7.03,48516,44465,46981,46686,-0.019,0.313273638
7.04,49387,43982,47223,45970,-0.031,0.300226659
7.05,48975,44159,47639,45766,-0.03,0.283598632
7.06,49192,43557,47382,46265,-0.035,0.265378505
7.07,49365,44305,47167,45824,-0.03,0.255292028
7.08,48633,44071,47941,46043,-0.016,0.239093184
7.09,49467,44204,47083,45955,-0.021,0.227457806
7.1,48847,43628,47658,46431,-0.026,0.218334019
7.11,48785,43851,48082,45660,-0.014,0.199470013
7.12,49173,43968,47183,46168,-0.031,0.190308377
7.13,48720,43948,47241,46692,-0.041,0.17110467
7.14,48826,43491,47587,46652,-0.044,0.14953205
7.15,49121,43949,47000,46583,-0.04,0.125394613
7.16,48929,44413,47339,45900,-0.031,0.103731334
7.17,49230,44797,46938,45587,-0.035,0.084916867
7.18,49362,45123,46692,45317,-0.027,0.06609109
7.19,49344,44926,46357,45883,-0.035,0.048221279
7.2,48747,44115,47398,46272,-0.012,0.032803096
7.21,48735,44702,47437,45792,0.005,0.026189808
7.22,49103,44349,46968,46232,-0.014,0.028758133
7.23,48660,44752,47305,45908,-0.025,0.018567419
7.24,48980,43873,46977,46692,-0.019,0.009245936
7.25,48242,44269,47711,46343,-0.011,-0.003728244
7.26,48598,44393,47410,46148,-0.022,-0.014149488
7.27,48705,44137,47265,46426,-0.002,-0.022780208
7.28,48504,44288,47641,46078,-0.009,-0.028683102
7.29,48397,44472,47569,45855,0.022,-0.029319463
7.3,48616,44894,47242,45406,0.034,-0.015155792
7.31,48446,44953,47551,45210,0.044,-0.001569863
7.32,48115,44587,47886,45703,0.062,0.025633732
7.33,49091,44118,47115,45896,0.011,0.053278282
7.34,48345,44393,47541,45924,0.017,0.063011736
7.35,49066,44188,46739,46123,-0.024,0.070423126
7.36,49251,44558,46559,45708,-0.041,0.053331032
7.37,48653,43950,47188,46318,-0.049,0.027315665
7.38,48650,44254,47231,45948,-0.023,0.001263443
7.39,49419,43871,46809,46531,-0.057,-0.008841463
7.4,48827,43604,47324,46591,-0.021,-0.030312838
7.41,49197,44274,47361,45829,-0.012,-0.042486113
7.42,49006,43818,47398,46488,-0.02,-0.049320873
7.43,49300,43782,47147,46468,-0.028,-0.059825137
7.44,49731,44260,46674,46011,-0.058,-0.078822993
7.45,49449,43815,47070,46258,-0.055,-0.110634282
7.46,49676,44158,46794,45908,-0.041,-0.14028658
7.47,49550,43954,47089,46115,-0.033,-0.160839915
7.48,48390,44727,48385,45098,-0.007,-0.18629232
7.49,49824,42681,47972,45934,-0.044,-0.201624364
7.5,49284,44196,47525,45773,-0.012,-0.226215616
7.51,49253,42724,48659,45958,-0.001,-0.232387006
7.52,48912,43367,47990,46323,0.023,-0.228910789
7.53,49867,44281,48111,44563,0.007,-0.217477873
7.54,49030,43566,47950,46483,0.009,-0.208515584
7.55,49632,44015,48144,45205,0.012,-0.204357341
7.56,49907,44748,47083,45284,0.007,-0.200555742
7.57,50228,44324,47543,44858,-0.015,-0.19907321
7.58,49861,43954,47102,46039,-0.033,-0.207554698
7.59,48884,43123,48070,46838,-0.009,-0.221790105
7.6,48861,43614,47949,46146,-0.012,-0.230926305
7.61,50253,43074,47357,45685,-0.047,-0.242317244
7.62,48495,43316,48141,46318,-0.008,-0.267042607
7.63,49440,43138,47853,45739,0.012,-0.270876557
7.64,48332,44131,48325,45434,0.07,-0.258298039
7.65,48822,44257,48626,44422,0.066,-0.227331176
7.66,48777,43099,48099,46208,0.053,-0.184922382
7.67,48732,44495,47685,45353,0.072,-0.149213284
7.68,48818,43745,47670,45933,0.047,-0.111675955
7.69,48821,44156,47516,45651,0.043,-0.083034255
7.7,48664,43989,47617,45816,0.024,-0.061465457
7.71,49120,44351,47006,45550,0.01,-0.049340293
7.72,48745,43506,47353,46354,-0.011,-0.046582356
7.73,49332,43368,46619,46537,-0.02,-0.049264427
7.74,49215,44169,46576,45667,0.011,-0.049089059
7.75,49037,43564,47105,46122,0.015,-0.023235129
7.76,48660,43943,47403,45537,0.032,-0.023235129
7.77,48572,44061,47596,45575,0.041,-0.007326738
7.78,48643,44140,47543,45562,0.043,0.013801466
7.79,48482,44268,47770,45386,0.029,0.033498026
7.8,48823,44442,47262,45063,0.02,0.048907109
7.81,49188,43018,47064,46472,-0.015,0.058385756
7.82,48659,43046,47590,46491,-0.024,0.06829378
7.83,48482,43855,47776,45746,0.007,0.058446974
7.84,48695,43641,47660,45812,0.02,0.051764149
7.85,48225,43308,48257,46443,0.034,0.076012455
7.86,48989,43899,47688,45824,0.021,0.096954413
7.87,49242,44274,47352,45667,0.011,0.113476358
7.88,49018,43756,47793,46205,-0.013,0.123722389
7.89,48725,42920,48063,46711,-0.02,0.124265522
7.9,49090,43803,47699,45962,-0.008,0.11760135
7.91,49261,44302,47385,45659,-0.017,0.113017641
7.92,49543,44048,47230,45753,-0.034,0.104155384
7.93,49305,44173,47523,45652,-0.024,0.090349346
7.94,48788,43623,48032,46143,-0.015,0.075179443
7.95,48923,43832,47817,45965,-0.016,0.066083901
7.96,48833,43780,48006,45842,-0.007,0.05630561
7.97,48876,43254,47892,46373,-0.018,0.047364105
7.98,48866,44123,47923,45453,-0.005,0.041631695
7.99,48693,44295,48157,45248,0.008,0.03424057
8,48803,43693,48040,45773,0.004,0.03355756
8.01,49386,43677,48017,45110,0,0.038071856
8.02,49411,43844,47353,45708,-0.028,0.037711211
8.03,49575,44017,47649,45016,-0.014,0.028430307
8.04,49108,43608,47734,45748,-0.039,0.018686933
8.05,49656,43387,47614,45464,-0.041,-0.002794947
8.06,49027,43538,47828,45753,-0.04,-0.024690764
8.07,48941,43523,48186,45423,-0.027,-0.049786184
8.08,48571,43494,48323,45698,-0.02,-0.070002019
8.09,49383,43311,47965,45295,-0.016,-0.085584477
8.1,48568,43566,48268,45635,-0.005,-0.095527656
8.11,48443,43343,48501,45728,0.007,-0.103649929
8.12,48735,43818,48183,45321,0.019,-0.104476325
8.13,48958,43404,48559,45144,0.018,-0.098780721
8.14,48859,43589,48052,45678,0.022,-0.090711325
8.15,48818,43949,48104,45403,0.022,-0.079974458
8.16,49055,43941,48048,45351,0.007,-0.071208224
8.17,49142,43605,47996,45615,-0.007,-0.067308128
8.18,49438,42795,47633,46398,-0.023,-0.068455622
8.19,49358,43204,47654,45998,-0.013,-0.073214181
8.2,48678,43248,48488,45736,-0.002,-0.083484076
8.21,49031,43543,48426,45080,0.007,-0.094520047
8.22,49326,43481,47801,45472,0.001,-0.094876349
8.23,48937,42617,48587,45959,0.009,-0.093191803
8.24,49064,43357,48189,45730,0.016,-0.091368333
8.25,49144,43899,48051,45293,0.021,-0.082629852
8.26,48832,43232,48516,45759,0.029,-0.072419323
8.27,49497,43218,48510,45350,0.024,-0.054814145
8.28,49693,43712,47798,45569,0.007,-0.03765934
8.29,50047,43400,47769,45716,-0.009,-0.030544147
8.3,49840,43595,47661,45911,-0.028,-0.030537408
8.31,50015,43349,48044,46034,-0.043,-0.043442946
8.32,49778,44056,48095,45676,-0.028,-0.063011803
8.33,49428,44017,48576,45686,-0.003,-0.083854847
8.34,49201,43458,49083,46280,0.007,-0.093694232
8.35,49591,43894,48586,45954,-0.001,-0.090732798
8.36,49645,43476,48759,45739,-0.01,-0.085728519
8.37,50221,44273,47930,45481,-0.004,-0.091313653
8.38,50071,43881,48241,45298,0.011,-0.092026278
8.39,49349,44483,48675,44916,0.056,-0.088250428
8.4,50089,43742,48084,45369,0.003,-0.066066861
8.41,49538,43935,48461,45312,-0.005,-0.054939467
8.42,49647,43408,48464,45544,0.009,-0.06258598
8.43,49460,44239,48538,44908,0.009,-0.058604747
8.44,49408,43142,48802,45672,-0.001,-0.060794763
8.45,48627,42386,49326,46611,0.022,-0.059979275
8.46,49599,43168,48435,45832,0.003,-0.051204227
8.47,49338,42807,48686,45862,0.01,-0.047570005
8.48,49918,42960,48201,45889,-0.001,-0.047932643
8.49,49519,43975,48331,44847,0.018,-0.047645275
8.5,48645,44356,49214,44491,0.04,-0.048567042
8.51,49596,43593,48197,45200,-0.001,-0.041993406
8.52,49397,42491,48604,45862,-0.008,-0.031662516
8.53,50002,43735,47770,44932,-0.007,-0.028958876
8.54,49423,42727,48387,45904,-0.018,-0.034596141
8.55,49472,42230,48363,46277,-0.005,-0.038127087
8.56,49712,42408,47925,46261,-0.008,-0.036582612
8.57,49038,42900,48646,45839,0,-0.036419746
8.58,49081,43153,48739,45463,0.013,-0.041756306
8.59,49183,42881,48679,45615,0.011,-0.04076701
8.6,50017,43386,47761,45290,0.018,-0.034521867
8.61,50148,43603,47552,45218,0.006,-0.023300534
8.62,49504,43366,47617,46170,-0.012,-0.012197693
8.63,49854,43729,48113,45395,0.004,-0.018457063
8.64,49007,43384,48414,46337,0.002,-0.018574908
8.65,49512,44194,48546,45137,0.036,-0.012782051
8.66,49729,43302,47863,46402,-0.009,-0.002492831
8.67,49069,43771,48969,45493,0.033,0.001856536
8.68,48100,42698,49407,46890,0.024,0.013672249
8.69,49831,42609,48098,46490,-0.018,0.034949325
8.7,48466,43875,48652,46188,0.01,0.04189945
8.71,49647,43055,48149,46046,-0.022,0.037514821
8.72,48386,43943,49075,45549,0.022,0.037491132
8.73,49659,43670,48177,45421,0.021,0.034933571
8.74,49301,43576,47662,46472,-0.035,0.054121614
8.75,49103,43479,48808,45616,-0.012,0.045488235
8.76,49161,42751,47762,47186,-0.046,0.031084163
8.77,50512,43252,47270,45821,-0.039,0.016670866
8.78,49685,43281,47623,46328,-0.054,0.006583891
8.79,50108,43234,47809,45713,-0.048,-0.021794043
8.8,50188,42851,47488,46303,-0.041,-0.048347346
8.81,49514,43628,48041,45921,-0.013,-0.064042889
8.82,49400,42806,49109,45719,-0.011,-0.079012088
8.83,49065,43134,48306,46732,-0.001,-0.090519585
8.84,49683,43390,48781,45377,0.017,-0.087095089
8.85,49152,43347,48884,45994,0.011,-0.078488737
8.86,49858,42565,48849,46304,-0.008,-0.073213443
8.87,48950,44471,48785,45629,0.028,-0.068452701
8.88,49377,41982,49441,46708,-0.023,-0.061826017
8.89,49128,43146,49238,46132,0.013,-0.070344061
8.9,49978,43362,48809,45447,-0.005,-0.0694343
8.91,49867,43928,48392,45439,-0.019,-0.067519367
8.92,50029,42148,48499,46318,-0.07,-0.076278962
8.93,49875,44164,48167,44956,-0.016,-0.107989214
8.94,49354,42968,48675,46057,-0.041,-0.129591033
8.95,49693,42588,48250,46438,-0.032,-0.155937761
8.96,49609,42704,48307,46288,-0.008,-0.171569571
8.97,49105,42982,48419,46109,0.004,-0.175268039
8.98,49611,43798,48370,45182,0.021,-0.175554812
8.99,49886,43302,48129,45722,0.014,-0.168758288
9,49932,42285,48630,46011,0.005,-0.155401662
9.01,50075,43536,48116,45574,0.007,-0.149665296
9.02,50079,43166,48402,45845,0.008,-0.144381434
9.03,49989,43265,48505,45726,0.008,-0.141283095
9.04,50083,43412,48447,45622,0.011,-0.135698721
9.05,49997,42692,48613,46256,0.001,-0.130217522
9.06,49979,42156,49123,46262,-0.004,-0.120454304
9.07,49481,42719,49027,46205,0.003,-0.118232183
9.08,49384,43094,49111,45829,-0.004,-0.116114773
9.09,49627,42466,48770,46486,-0.012,-0.117175572
9.1,50167,42988,48796,45529,-0.005,-0.117945835
9.11,49679,43595,48859,45389,0.011,-0.120918117
9.12,50100,43280,48929,44979,0.015,-0.116278492
9.13,49931,43356,48464,45572,-0.003,-0.109299205
9.14,50213,43443,48097,45466,0.008,-0.10949529
9.15,49934,43871,48272,45099,0.015,-0.105419017
9.16,50361,43067,48458,45074,0.004,-0.101748742
9.17,49654,43839,48289,45336,0.02,-0.091823325
9.18,49767,43300,48669,45628,0.014,-0.083922707
9.19,49465,43362,48696,45812,0.024,-0.074867278
9.2,50049,43383,48402,45530,0.024,-0.064141847
9.21,49725,43585,48616,45370,0.033,-0.050912637
9.22,49716,43607,48696,45345,0.021,-0.032224279
9.23,50381,43754,47813,45286,0.005,-0.021352481
9.24,50484,43745,47691,45349,0.008,-0.018424472
9.25,49755,42669,48683,46122,-0.005,-0.009678401
9.26,50310,43853,47891,45273,-0.009,-0.008191569
9.27,50047,43728,48176,45389,0.004,-0.010840753
9.28,50069,43869,48278,45267,0,-0.008410554
9.29,49569,43248,48944,45649,0.001,-0.006171099
9.3,50157,43922,48204,45138,-0.016,-0.006017021
9.31,49599,43774,48982,45335,0.023,-0.013557532
9.32,50011,43471,48425,45302,0.003,-0.009829523
9.33,49997,43869,48264,45123,-0.013,0.000633569
9.34,49857,43766,48397,45333,-0.001,-0.015595157
9.35,50028,43445,48238,45726,0.006,-0.013377548
9.36,49748,43479,48569,45796,0.032,-0.007232031
9.37,50079,43566,48139,45831,0.023,0.012017128
9.38,49880,43447,48408,46021,0.009,0.026538286
9.39,49682,44259,48692,45461,0.019,0.032933168
9.4,49779,43428,48656,46120,0.011,0.037000891
9.41,49836,43800,48442,45908,0.01,0.044275038
9.42,49109,43840,49145,45830,0.062,0.048233293
9.43,49847,43590,48409,45969,0.022,0.073037758
9.44,49971,43081,48252,46384,0.005,0.090844862
9.45,49642,43814,48544,45718,-0.013,0.098198816
9.46,50006,43556,47890,45977,-0.013,0.091568135
9.47,49557,43698,48308,45864,-0.027,0.100135535
9.48,50146,43751,47902,46168,-0.037,0.081848994
9.49,49412,43170,48712,46570,-0.027,0.062345251
9.5,49435,43626,48509,46269,-0.015,0.04338935
9.51,49838,43565,48057,46250,-0.026,0.039092168
9.52,49631,43981,48448,46013,0.007,0.019299468
9.53,49653,44321,48428,45793,0.018,0.023326902
9.54,50110,44372,47969,45772,-0.001,0.031221917
9.55,50055,44517,48252,45659,0.001,0.031094942
9.56,50222,44429,47992,45655,-0.013,0.028885333
9.57,49995,44146,48156,45871,-0.022,0.022029394
9.58,49721,44107,48333,45964,-0.047,0.005628887
9.59,49628,43807,48582,46099,-0.029,-0.020471262
9.6,49480,44377,48543,45597,-0.015,-0.043122169
9.61,49636,43922,48568,46166,-0.01,-0.061683122
9.62,49534,44958,48496,45265,0.007,-0.069662549
9.63,49865,44917,48083,45263,0,-0.071132213
9.64,49960,44348,47988,45786,0.009,-0.069812052
9.65,49460,44166,48556,45838,-0.003,-0.061429337
9.66,50229,44662,47604,45448,-0.013,-0.061915714
9.67,49483,44486,48380,45657,-0.003,-0.063242316
9.68,50109,44419,47639,45705,-0.015,-0.068767391
9.69,50099,44691,47589,45514,-0.027,-0.073733412
9.7,49594,44163,48201,45832,-0.014,-0.087126628
9.71,49459,44180,48255,45840,0.008,-0.094492398
9.72,49283,44198,48291,45783,0.031,-0.089170896
9.73,49723,44243,47780,45802,0.009,-0.070800193
9.74,49427,44689,47974,45325,0.023,-0.062214494
9.75,49321,44384,48033,45614,0.04,-0.05041045
9.76,49941,44298,47177,45584,0.015,-0.029410459
9.77,49372,44418,47769,45512,0.029,-0.011957413
9.78,48898,44292,48231,45689,0.02,0.000818227
9.79,49357,44363,47801,45570,0.01,0.010294182
9.8,49492,44602,47832,45375,0,0.015009869
9.81,48515,44402,48689,45643,0.009,0.014542148
9.82,48735,43801,48490,46191,-0.001,0.008025968
9.83,49315,43179,47757,46801,-0.013,0.003872472
9.84,49511,43880,47643,45993,-0.013,0.005018983
9.85,50112,44464,46933,45488,0.005,-0.002954121
9.86,49992,44064,47175,45786,-0.017,0.005480891
9.87,49518,44861,47707,44945,0.007,0.001114202
9.88,50064,43585,47126,46092,-0.026,-0.001478275
9.89,49541,44322,47645,45417,0,-0.007940059
9.9,49269,44804,47985,44925,0.003,-0.011317635
9.91,49730,44719,47505,44943,-0.024,-0.016937418
9.92,49916,43614,47226,46062,-0.033,-0.033906218
9.93,50033,44414,47050,45330,-0.034,-0.047624003
9.94,49135,43990,48101,45750,-0.019,-0.066164441
9.95,49156,43926,48033,45892,-0.013,-0.080035992
9.96,49033,43819,48115,46066,-0.005,-0.08995036
9.97,49760,43463,47305,46320,-0.042,-0.096636303
9.98,48945,44429,48035,45480,-0.021,-0.117371127
9.99,49475,44044,47513,45833,-0.024,-0.13556847
10,57694,28930,33668,55519,-0.002,-0.144626096
10.01,57334,27658,34776,55937,0.193,-0.140235648
10.02,58144,28710,34239,55928,0.704,-0.00947011
10.03,58219,28826,34054,55794,1.514,0.417680353
10.04,58202,29595,34372,55512,2.561,1.31103754
10.05,52527,40493,44802,48820,3.802,2.81393075
10.06,46603,49851,50588,38767,5.097,5.033500195
10.07,38166,55053,56035,29673,6.23,7.991096497
10.08,35794,56561,57383,26295,6.907,11.66697884
10.09,36617,57347,57777,25756,7.162,15.63062096
10.1,36135,57320,58175,26579,6.966,19.72371674
10.11,35215,57102,58428,27800,6.418,23.7857933
10.12,35077,56125,59000,31777,5.558,27.4849987
10.13,41232,51905,56109,39502,4.393,30.63213921
10.14,46409,46513,52659,46811,3.079,33.1139183
10.15,51912,39606,46929,52810,1.677,34.83418655
10.16,55539,32594,41683,56814,0.379,35.81142426
10.17,57039,30520,39779,58081,-0.552,36.00814438
10.18,57998,31209,38932,58441,-1.111,35.68019485
10.19,57478,34182,41322,57948,-1.262,35.04426575
10.2,56472,38046,43957,56700,-1.17,34.34145355
10.21,54851,44248,46877,53592,-0.809,33.68570709
10.22,52126,47839,50926,51174,-0.371,33.23433304
10.23,51068,51474,52779,48279,0.014,33.03222275
10.24,49449,53740,54928,46169,0.283,33.0487442
10.25,50427,53517,54643,47030,0.268,33.32600784
10.26,51980,53688,55306,49118,0.043,33.46287155
10.27,53761,52376,54536,51699,-0.366,33.47686386
10.28,55063,50552,54463,54570,-0.894,33.24568558
10.29,57628,48070,52356,57143,-1.48,32.70963669
10.3,59117,46741,51239,58537,-1.968,31.8531189
10.31,60065,45609,50297,59343,-2.412,30.74172974
10.32,60135,46686,51241,59284,-2.606,29.36490059
10.33,60453,47467,51441,59123,-2.68,27.87735367
10.34,60195,49030,52432,58291,-2.633,26.34523392
10.35,59931,51015,53219,57011,-2.55,24.82176018
10.36,59299,51079,53898,56602,-2.451,23.35655594
10.37,58822,52210,54592,55528,-2.346,21.91240883
10.38,58151,51187,55233,55886,-2.314,20.53318405
10.39,54034,57461,58802,48579,-2.35,19.17272568
10.4,58538,50639,54213,55746,-2.404,17.68334389
10.41,58170,49181,54348,56437,-2.518,16.29680061
10.42,58862,49411,52583,55786,-2.664,14.81076908
10.43,58378,47476,52928,57037,-2.746,13.16536045
10.44,58163,46569,51285,56023,-2.872,11.56022835
10.45,58623,46881,49753,55223,-2.906,9.909399986
10.46,57729,46203,49375,54236,-2.901,8.243757248
10.47,57179,45856,48959,53549,-2.861,6.5849967
10.48,56649,45540,47990,52470,-2.844,4.944083214
10.49,56472,45239,47344,51837,-2.825,3.310649633
10.5,54914,44224,48015,51226,-2.732,1.699462533
10.51,55097,42892,46174,51092,-2.674,-0.433513165
10.52,54069,41607,44007,48898,-2.587,-1.96821022
10.53,52677,40472,43620,48224,-2.426,-3.444157362
10.54,50888,40336,44243,46845,-2.212,-4.932450771
10.55,51165,41822,44940,46748,-2.028,-6.189405441
10.56,49869,40560,45112,46532,-1.856,-7.394695282
10.57,49504,40373,45282,47140,-1.729,-8.447872162
10.58,48916,38804,45215,47724,-1.661,-9.483383179
10.59,48738,39462,45347,47305,-1.611,-10.43461037
10.6,48640,39242,44883,47100,-1.567,-11.40882397
10.61,48510,40337,45082,46408,-1.502,-12.30919933
10.62,49203,38980,43915,46926,-1.451,-13.22031116
10.63,49119,39108,44229,47181,-1.392,-14.04639912
10.64,49495,40107,43441,46264,-1.286,-14.83151054
10.65,49816,38898,42986,47004,-1.239,-16.51357841
10.66,50484,34917,36112,44916,-1.182,-17.22096062
10.67,49333,35090,37474,44540,-1.04,-18.01265526
10.68,47171,33599,38725,44126,-0.821,-18.58740807
10.69,46293,36170,39490,41591,-0.553,-19.08348274
10.7,45251,35863,40416,40848,-0.289,-19.37387848
10.71,43102,36905,42329,39869,-0.028,-19.55454636
10.72,43961,37882,41486,38856,0.107,-19.55904388
10.73,42010,38258,43491,38852,0.295,-19.51270866
10.74,43190,37729,42521,39480,0.315,-19.34560204
10.75,44568,36787,41465,41197,0.26,-19.19961166
10.76,44611,36924,41561,40929,0.185,-19.11711311
10.77,47523,37416,40353,43224,0.084,-19.03286552
10.78,47568,37501,40729,43273,0.01,-18.99345016
10.79,48484,37462,40655,44655,-0.017,-18.99953079
10.8,48388,37258,41172,44992,-0.067,-19.02044868
10.81,49272,37845,41342,46122,-0.023,-19.07147217
10.82,47339,38840,44271,45298,0.029,-19.09422302
10.83,48151,39646,44140,45691,0.13,-19.083395
10.84,47850,40589,45398,45511,0.247,-18.99718475
10.85,47774,41615,45970,45266,0.363,-18.86370468
10.86,48147,41983,46436,45621,0.429,-18.65060234
10.87,48063,42661,46968,45707,0.492,-18.39716339
10.88,48986,43262,46753,45865,0.478,-18.11806297
10.89,49441,43199,46751,46512,0.437,-17.84605408
10.9,50571,43836,45952,46485,0.42,-17.59302139
10.91,51485,42785,45199,47858,0.337,-17.35280228
10.92,50518,42521,46871,48597,0.343,-17.15038872
10.93,50841,43341,46971,48396,0.363,-16.9505291
10.94,50964,43434,47956,49317,0.41,-16.86260414
10.95,51740,42714,47918,50709,0.508,-16.62444878
10.96,50862,45993,49158,47994,0.591,-16.37796021
10.97,49816,46336,49825,48190,0.678,-16.13530159
10.98,49823,47625,50456,47310,0.766,-15.73807621
10.99,52191,45039,48467,49822,0.853,-15.29313087
11,50196,47839,50875,46904,0.869,-14.81219673
11.01,52518,44926,48335,50294,0.897,-14.30745983
11.02,49741,48281,50982,47510,0.868,-13.7971487
11.03,50187,48017,50342,48238,0.816,-13.30145264
11.04,49969,47918,50382,48535,0.767,-12.83961105
11.05,49874,47773,50637,48780,0.76,-12.41323948
11.06,50441,47391,50474,48704,0.728,-11.98442936
11.07,52637,44092,48263,51152,0.732,-11.56676483
11.08,49977,47534,50908,48364,0.755,-11.12924099
11.09,52901,45166,47296,50055,0.798,-10.69494057
11.1,51084,46919,49546,48343,0.833,-10.19735718
11.11,49208,48825,50274,47280,0.828,-9.721292496
11.12,50616,47001,49480,48023,0.852,-9.228452682
11.13,48614,48918,50590,46501,0.838,-8.743635178
11.14,49077,48657,50324,46230,0.814,-8.269368172
11.15,51994,45270,46987,48958,0.736,-7.809558392
11.16,49380,47619,49137,47168,0.71,-7.362757206
11.17,51117,44348,46915,48896,0.698,-6.956965446
11.18,49433,44594,48562,48586,0.663,-6.481493473
11.19,50231,44553,47070,48369,0.651,-6.102499008
11.2,47906,46395,48794,47374,0.621,-5.718756199
11.21,48353,46313,48056,46960,0.581,-5.368119717
11.22,49710,44364,46819,47437,0.556,-4.967670441
11.23,47710,46886,47584,46283,0.549,-4.64888525
11.24,49629,45012,46383,46843,0.515,-4.308270454
11.25,48284,47232,46620,45640,0.488,-4.021330357
11.26,49469,44101,46314,47397,0.46,-3.716858149
11.27,48512,47427,46695,44840,0.488,-3.452933311
11.28,48564,45912,46613,45716,0.457,-3.177337646
11.29,47786,45246,47449,46024,0.438,-2.91835165
11.3,47310,44344,47548,46108,0.402,-2.638333082
11.31,47795,44226,46676,46323,0.378,-2.407521725
11.32,47218,43737,46976,46211,0.364,-2.156415224
11.33,46632,43603,47325,46227,0.355,-1.949784994
11.34,46961,43733,46661,45686,0.331,-1.711534858
11.35,46858,43825,46450,45376,0.329,-1.522386909
11.36,47453,43009,45836,45248,0.316,-1.05096519
11.37,46571,44563,47726,45385,0.275,-0.87410754
11.38,47830,44185,46995,45687,0.22,-0.671606362
11.39,47906,44381,47477,45531,0.15,-0.555604935
11.4,49386,44486,46519,45158,0.076,-0.478974044
11.41,49860,43576,46286,45748,-0.001,-0.44546032
11.42,50363,42804,46019,46194,-0.042,-0.449240416
11.43,49749,43416,46923,45812,-0.02,-0.469087601
11.44,49695,43926,46986,45418,-0.012,-0.486072898
11.45,50002,43899,47839,42759,0.004,-0.421484947
11.46,48893,43942,46543,45557,0.061,-0.413494527
11.47,48648,43627,46854,45835,0.09,-0.376109987
11.48,48519,44151,46976,45007,0.118,-0.319877267
11.49,49149,43169,48926,42016,0.101,-0.199772537
11.5,41290,48543,52243,43161,0.069,0.103980996
11.51,49670,42746,49176,44069,0.005,0.153464958
11.52,47569,45183,47766,46330,-0.056,0.188441947
11.53,50618,42341,48771,44994,-0.142,0.154851183
11.54,50430,43739,46357,46553,-0.225,0.066018879
11.55,50813,43500,45947,46752,-0.315,-0.071077496
11.56,50673,42847,46101,47273,-0.368,-0.257681757
11.57,52647,41144,46695,45311,-0.35,-0.445571423
11.58,49280,44850,47207,46496,-0.304,-0.586429238
11.59,50967,42103,48713,45312,-0.245,-0.751349926
11.6,49589,44004,47853,46496,-0.189,-0.883036733
11.61,50928,43141,48592,44594,-0.141,-0.973338604
11.62,49196,43930,48241,46266,-0.086,-1.048953772
11.63,50613,42979,49070,44217,-0.073,-1.083579063
11.64,48158,46316,48572,45394,-0.07,-1.061609626
11.65,51637,42269,48544,45009,-0.116,-1.095492959
11.66,50228,43993,47147,47068,-0.158,-1.146491528
11.67,50787,43735,47278,46405,-0.209,-1.242539883
11.68,50551,43706,47359,46779,-0.232,-1.347200632
11.69,52799,40864,48077,45620,-0.256,-1.472691417
11.7,50950,42502,47496,47101,-0.279,-1.620760441
11.71,51265,42561,47099,47112,-0.244,-1.772078276
11.72,50894,44082,47670,45657,-0.175,-1.907582879
11.73,50805,43676,47964,45867,-0.128,-2.004717827
11.74,49441,45077,50027,44116,-0.063,-2.009283066
11.75,51579,42927,49393,44293,-0.042,-2.042069674
11.76,50746,44495,49155,44532,-0.041,-2.039311409
11.77,53670,42401,49215,41951,-0.083,-2.062808275
11.78,52530,42597,47577,45821,-0.111,-2.099210739
11.79,53389,41394,49530,43078,-0.112,-2.156906843
11.8,52846,40570,48601,45599,-0.147,-2.226274967
11.81,53373,41321,49122,43075,-0.123,-2.295208931
11.82,51789,41140,49376,45006,-0.11,-2.3689363
11.83,52405,40740,49793,43604,-0.084,-2.407693624
11.84,51453,40473,49519,44920,-0.09,-2.466443062
11.85,51663,40226,50330,43043,-0.04,-2.485160351
11.86,49804,43126,49457,44526,-0.031,-2.445570707
11.87,51891,41872,50012,41561,-0.004,-2.455219984
11.88,51528,41277,49138,43591,0.037,-2.440382004
11.89,51565,41698,49827,41827,0.02,-2.419041872
11.9,51990,41494,48098,43404,-0.016,-2.408545017
11.91,52193,39069,48972,43647,-0.039,-2.400192261
11.92,49312,42668,49444,44244,-0.025,-2.38295269
11.93,51954,39876,48705,43995,-0.069,-2.40015769
11.94,50339,42070,48434,44647,-0.05,-2.429964781
11.95,52364,40367,48608,43226,-0.044,-2.447166204
11.96,51662,40517,48053,44526,-0.03,-2.465844393
11.97,51694,40920,47909,44222,-0.039,-2.485768557
11.98,50973,40584,48744,44443,-0.026,-2.510819197
11.99,51176,41631,48349,43651,0.022,-2.519851446
12,49393,43420,48627,44316,0.034,-2.451533079
12.01,51443,42020,49128,42164,0.06,-2.423555851
12.02,50833,42346,48631,43582,0.091,-2.385671854
12.03,50361,42910,48155,43850,0.082,-2.329295158
12.04,49862,43762,47572,44992,0.042,-2.261931658
12.05,52126,42467,47355,43554,0.026,-2.233413696
12.06,50388,42831,48206,44581,0.044,-2.223587275
12.07,52004,42708,46226,44850,0.014,-2.194533825
12.08,49382,43645,48070,45683,0.015,-2.16046524
12.09,51293,42141,48203,44511,0.015,-2.153325558
12.1,51049,42616,47549,45450,0.016,-2.143691778
12.11,51165,41811,48537,44746,0.027,-2.123951674
12.12,49139,43906,48131,46097,0.039,-2.093750715
12.13,51093,42077,48237,45177,0.059,-2.07387042
12.14,50109,42573,48313,45879,0.092,-2.045432806
12.15,50184,43384,48131,45162,0.104,-2.005255938
12.16,49381,44305,47790,45897,0.108,-1.927584887
12.17,51074,42646,48053,44844,0.096,-1.863550901
12.18,49717,44105,47096,46308,0.083,-1.790514588
12.19,50492,42742,47617,45992,0.075,-1.741964936
12.2,50581,42829,47301,46010,0.07,-1.693710566
12.21,51208,43176,47571,44227,0.072,-1.631711245
12.22,50306,43403,47384,45375,0.085,-1.589704275
12.23,50615,42457,47980,45001,0.072,-1.533626914
12.24,48490,44377,47500,46394,0.077,-1.444856286
12.25,51035,42761,47253,45135,0.098,-1.396920562
12.26,49915,42723,47518,46258,0.088,-1.338318586
12.27,50328,42848,47044,46238,0.069,-1.282668591
12.28,48630,44384,47777,46264,0.074,-1.193389893
12.29,50639,43125,46833,46292,0.045,-1.152278185
12.3,50537,43460,46958,46059,0.051,-1.11267972
12.31,51084,44433,47565,43946,0.069,-1.066872358
12.32,49461,44377,47456,46465,0.057,-1.00750351
12.33,50155,43638,48418,45208,0.089,-0.964432359
12.34,49225,44555,47584,46852,0.076,-0.913844466
12.35,50151,43340,48697,45682,0.097,-0.863387883
12.36,49840,44445,48071,45754,0.094,-0.814199448
12.37,50146,43735,47740,46424,0.074,-0.766502142
12.38,49252,45532,47380,46324,0.079,-0.690347791
12.39,50565,43607,48360,45648,0.065,-0.643193007
12.4,50449,43359,47560,46914,0.038,-0.605944335
12.41,50595,43494,48316,45740,0.07,-0.566043973
12.42,49124,44639,47491,47446,0.061,-0.511011004
12.43,50676,43611,47988,45953,0.041,-0.465721875
12.44,49292,44880,47603,46921,0.065,-0.428780556
12.45,50691,42774,48164,46647,0.054,-0.396537811
12.46,50248,44333,48097,46197,0.056,-0.355031312
12.47,50914,43598,47329,46933,0.021,-0.330516458
12.48,49481,44794,47680,46921,0.02,-0.276539207
12.49,51097,43358,48122,45869,0.006,-0.260210484
12.5,50518,44202,47967,46222,0.08,-0.256522268
12.51,50050,44580,48230,45753,0.058,-0.184067249
12.52,50518,44166,48004,46127,0.035,-0.154135495
12.53,50186,44207,48228,46099,0.067,-0.113181233
12.54,50215,44593,48102,45909,0.051,-0.03917183
12.55,50801,44183,47690,46076,0.037,-0.009370268
12.56,50180,43011,48491,46956,0.033,0.011132288
12.57,50562,43372,48201,46363,0.018,0.027325809
12.58,50556,43761,48062,46137,0.001,0.027325809
12.59,50639,43557,47937,46234,0.007,0.031549152
12.6,50524,44279,47254,46351,-0.001,0.100597419
12.61,50933,43969,47704,45603,0.01,0.106202789
12.62,50381,44327,47449,46064,0.031,0.127668858
12.63,50370,44195,48161,45239,0.036,0.14488028
12.64,49892,44150,47405,46198,0.027,0.167299852
12.65,50795,44321,47546,44834,0.045,0.183566347
12.66,50405,43856,46835,46432,0.031,0.210465506
12.67,50781,43711,47566,45325,0.015,0.2372825
12.68,50434,43948,47067,45846,0,0.253466547
12.69,50422,43199,47900,45739,0.001,0.258362949
12.7,50164,43608,47425,46034,-0.025,0.267723471
12.71,50120,43393,47996,45536,-0.024,0.258727133
12.72,50669,42810,47290,46032,-0.034,0.241511792
12.73,50193,43718,47637,45294,-0.008,0.230662495
12.74,50192,43380,47549,45324,-0.008,0.217239127
12.75,50197,43259,47549,45301,0.005,0.220288843
12.76,49955,43811,47112,45476,0.004,0.247171119
12.77,50029,43855,47630,45040,0.029,0.252933562
12.78,49739,43710,48006,45041,0.041,0.264080793
12.79,49768,43860,47899,44918,0.045,0.288079947
12.8,50077,43851,47543,45005,0.032,0.314828157
12.81,49948,43232,47756,45526,0.015,0.34459424
12.82,49383,43692,48413,45390,0.032,0.359590173
12.83,49979,44027,47811,45089,0.015,0.367042959
12.84,50294,43195,47456,45865,-0.018,0.374540567
12.85,49762,43197,48061,45781,0.003,0.374094456
12.86,50091,42624,47736,46327,-0.014,0.370562524
12.87,50202,43964,47661,45097,0.005,0.378000885
12.88,49829,43440,47951,45389,0.019,0.373497486
12.89,49918,44473,47972,44336,0.04,0.380139858
12.9,50272,43682,47623,45386,0.027,0.393531591
12.91,50881,43500,46970,45188,0,0.416866809
12.92,49545,43989,47521,45621,0.014,0.509201944
12.93,49782,44190,48711,45105,0.003,0.514150381
12.94,50492,43378,48156,46030,-0.036,0.512316585
12.95,50143,43944,48636,45565,-0.027,0.506207049
12.96,50465,43533,47726,46499,-0.056,0.49584955
12.97,51086,44226,47861,45533,-0.081,0.476256192
12.98,50960,43965,47553,46175,-0.092,0.435152382
12.99,51116,43304,47937,46295,-0.095,0.386869997
13,51134,43405,47928,46155,-0.109,0.330720663
13.01,50921,43758,48198,45757,-0.086,0.271220863
13.02,50365,43750,48471,46444,-0.069,0.225086689
13.03,50444,43331,48643,46276,-0.025,0.181078583
13.04,50756,44058,48390,45796,-0.003,0.161716864
13.05,50337,44104,48907,45724,0.024,0.160045326
13.06,50379,44867,48477,45365,0.047,0.175127476
13.07,50523,43848,48680,45994,0.031,0.196630538
13.08,51260,44185,47815,45644,-0.005,0.220982775
13.09,50361,44632,48841,45058,0.004,0.235578895
13.1,50430,43835,48810,45786,-0.037,0.239135742
13.11,51415,43020,47696,46509,-0.071,0.223407641
13.12,51383,44114,47574,45302,-0.052,0.204616994
13.13,51451,43495,48048,45275,-0.066,0.177061707
13.14,51423,44399,47681,44930,-0.061,0.143439278
13.15,51186,44431,47894,44820,-0.056,0.102672368
13.16,50213,44574,48464,45153,-0.024,0.075280473
13.17,50729,44513,48422,44742,-0.029,0.052205291
13.18,50547,43377,48648,45762,-0.023,0.034041353
13.19,49933,44060,49262,45115,0.006,0.021749759
13.2,50110,43575,49100,45535,-0.007,0.016093031
13.21,50033,43742,49232,45225,0.014,0.011442251
13.22,49539,43963,49032,45689,0.01,0.027397694
13.23,50326,42700,48871,46186,-0.023,0.027644619
13.24,50812,43380,47338,46489,-0.043,0.02513868
13.25,51829,42816,48359,44593,-0.042,0.014042031
13.26,50674,44200,48465,44610,-0.019,-0.00797896
13.27,50358,43695,48824,44986,-0.018,-0.030180106
13.28,50067,44545,48487,44819,-0.018,-0.04856934
13.29,51601,43155,48794,43943,-0.018,-0.067742907
13.3,51080,43287,47943,45327,-0.01,-0.08172664
13.31,50453,43481,48605,45201,0.006,-0.083539724
13.32,50760,43611,48202,45059,-0.006,-0.081369884
13.33,50489,43085,48391,45474,-0.008,-0.075811237
13.34,50389,43656,47862,45633,-0.009,-0.081098735
13.35,50459,43652,48430,45062,0,-0.085495844
13.36,50935,42365,47811,45954,-0.043,-0.086169511
13.37,51082,42293,47519,46144,-0.084,-0.100525215
13.38,51114,43286,47421,45219,-0.064,-0.138597175
13.39,50807,42773,47758,45634,-0.083,-0.173272878
13.4,50714,43321,47815,45059,-0.049,-0.215015367
13.41,50437,43186,48065,45212,-0.034,-0.245907128
13.42,50677,43358,47789,45101,-0.03,-0.266888082
13.43,50422,43609,48048,44807,-0.008,-0.283769786
13.44,50348,43135,48066,45209,0.002,-0.294285923
13.45,50193,43712,48119,44688,0.021,-0.293322474
13.46,50061,43964,48262,44322,0.065,-0.280409038
13.47,50677,43234,47650,44942,0.022,-0.249841526
13.48,50281,43549,48056,44664,0.043,-0.225685045
13.49,50464,43791,47935,44442,0.021,-0.205564618
13.5,49891,43479,48634,44715,0.055,-0.19040513
13.51,50545,43307,47862,44985,0.001,-0.166339338
13.52,50445,42506,48067,45665,-0.006,-0.159467816
13.53,50306,43346,48236,44885,0.011,-0.1596715
13.54,50691,42517,47901,45638,-0.019,-0.157841921
13.55,50570,43157,48152,45004,-0.006,-0.162602171
13.56,50363,43062,48493,45047,0.004,-0.169604361
13.57,50616,42815,48327,45313,-0.006,-0.169794694
13.58,50733,42825,48189,45291,-0.008,-0.173971504
13.59,50765,43060,48274,44988,0.007,-0.176501513
13.6,50415,43241,48574,44837,0.032,-0.172565266
13.61,50461,43289,48749,44951,0.048,-0.158169046
13.62,50600,42694,48697,45424,0.042,-0.13167128
13.63,50942,42669,48471,45414,0.016,-0.104683831
13.64,50766,43553,48867,44761,0.05,-0.089530759
13.65,51160,42924,48531,45267,0.016,-0.068226859
13.66,51088,43127,48573,45193,-0.005,-0.053667873
13.67,50942,43150,48707,45152,0.009,-0.053214703
13.68,51275,43099,48403,45154,-0.005,-0.053119313
13.69,51738,42395,47806,45820,-0.008,-0.053654239
13.7,51057,42029,48545,46163,-0.009,-0.051168852
13.71,51554,42611,47907,45633,-0.007,-0.049100336
13.72,50489,43366,49088,44866,0.028,-0.048158865
13.73,50575,43034,48985,45082,0.033,-0.032368004
13.74,50664,43609,48782,44655,0.048,-0.013709711
13.75,50686,43779,48794,44407,0.047,0.008818175
13.76,50994,43520,48474,44665,0.043,0.028179439
13.77,50520,43466,48960,44663,0.04,0.051633488
13.78,50336,42433,49166,45577,0.038,0.067618966
13.79,50789,42470,48569,45570,0,0.08988744
13.8,51667,42807,47738,45380,-0.001,0.100552849
13.81,51633,42355,47697,45850,-0.009,0.109362841
13.82,50808,42875,48666,45251,-0.003,0.107919082
13.83,51649,42831,48998,43880,0.015,0.10810665
13.84,51644,42640,47692,45552,-0.019,0.10987553
13.85,51362,43198,48023,45032,-0.012,0.107344866
13.86,51493,42864,47837,45376,-0.013,0.096078947
13.87,51048,43210,48184,44894,0.004,0.090638354
13.88,50916,43140,48404,45215,0.01,0.088509545
13.89,51346,42458,48574,44762,0.009,0.095514372
13.9,51044,43437,48125,45099,0.013,0.102613725
13.91,50909,42272,48239,46197,0.013,0.110220075
13.92,50986,42737,47937,45691,0.015,0.110060751
13.93,51100,42753,48561,44823,0.008,0.121112071
13.94,50930,43043,47878,45499,0.02,0.123356141
13.95,51325,42728,48266,44747,0.029,0.13827239
13.96,50796,43537,47869,45051,0.025,0.14315331
13.97,50546,43165,48083,45465,0.019,0.156167164
13.98,50730,43571,47888,45106,0.03,0.161635518
13.99,50517,43544,48136,45080,0.041,0.175672382
14,50395,43765,48226,44927,0.04,0.196006417
14.01,50607,43013,48040,45583,0.035,0.213743716
14.02,50478,43278,48168,45339,0.06,0.231573418
14.03,50396,42923,48304,45618,0.044,0.26144585
14.04,50700,43518,47940,45044,0.073,0.288155913
14.05,50757,42654,48441,45173,0.057,0.332627147
14.06,51007,42634,47696,45792,0.018,0.360954821
14.07,51012,42582,47762,45744,0,0.380598366
14.08,50784,42336,48068,45858,-0.006,0.381911486
14.09,51809,41611,48047,45331,0.001,0.37957865
14.1,50607,42596,48478,45591,0.018,0.380124271
14.11,50649,42985,48382,45361,0.01,0.385751814
14.12,50601,43470,48418,44904,0.034,0.387420863
14.13,50674,43012,48550,45358,0.052,0.401857853
14.14,50258,43422,48902,44681,0.048,0.426155418
14.15,50986,43216,48170,44670,0.043,0.449695677
14.16,51033,43350,48282,44623,0.046,0.477214128
14.17,51344,42427,48647,44420,0.053,0.501628518
14.18,51066,42827,48153,45175,0.048,0.532289982
14.19,50979,43610,48563,44397,0.056,0.565293372
14.2,50930,42935,48425,44873,0.043,0.589236021
14.21,51254,41946,48890,44744,0.016,0.617412627
14.22,50704,42819,48943,44755,0.038,0.626849353
14.23,51354,42059,48754,44420,0.008,0.649164319
14.24,50663,42184,48972,45152,-0.007,0.658691168
14.25,51295,42118,48218,44955,-0.028,0.653765023
14.26,50852,42792,48700,44333,0.006,0.630830705
14.27,51567,42175,47937,44778,-0.031,0.629972816
14.28,51379,42038,48227,44693,-0.014,0.617502332
14.29,51542,42296,48506,43763,-0.007,0.612699389
14.3,51453,42421,48185,44183,-0.012,0.601278186
14.31,51745,41948,48555,43824,-0.012,0.594923437
14.32,50883,42268,48899,44227,0.002,0.586194515
14.33,51376,41340,48839,44384,-0.007,0.583688974
14.34,50450,43358,48785,43652,0.025,0.571604669
14.35,50840,41891,48743,44516,0.005,0.576805711
14.36,50999,43579,47889,43655,0.007,0.576994002
14.37,51524,41795,48821,43675,-0.002,0.576469064
14.38,51142,41902,48382,44673,0.001,0.574882686
14.39,51297,41968,48258,44561,0.002,0.578874469
14.4,51200,41418,48323,45176,-0.016,0.583775997
14.41,51297,41822,48231,44766,-0.02,0.57948184
14.42,51585,42326,47915,44340,-0.016,0.571477354
14.43,51421,42612,48000,44148,-0.027,0.56564939
14.44,51009,42785,47723,44856,-0.027,0.524724483
14.45,51865,41983,48253,44134,-0.034,0.510988057
14.46,51434,42365,48147,44613,-0.019,0.496369123
14.47,50743,42599,49012,44295,-0.01,0.486120433
14.48,51105,42623,47720,45239,-0.028,0.460331351
14.49,51484,41627,48978,44322,-0.016,0.444230497
14.5,50751,42029,48442,45486,-0.007,0.430239558
14.51,50956,42206,48799,44604,-0.001,0.430294454
14.52,50857,42954,48818,43938,0.02,0.431848586
14.53,51038,42614,48711,44084,0.029,0.441480279
14.54,51506,42216,48147,44495,0.013,0.452478707
14.55,51125,41712,48588,44994,-0.006,0.464766592
14.56,50390,42276,49425,44415,0.011,0.459584951
14.57,51074,43039,48748,43756,0.002,0.458872139
14.58,50825,43822,48338,43796,0,0.451571196
14.59,51926,42516,47667,44396,-0.039,0.444373488
14.6,51720,41825,47934,45068,-0.063,0.430315197
14.61,51425,42128,49103,43855,-0.032,0.403926373
14.62,50893,43160,48920,44026,-0.007,0.382123411
14.63,50737,42416,49128,44638,0,0.370870888
14.64,51130,42529,48621,44618,0.005,0.342787504
14.65,51118,41970,49004,44749,0.007,0.346540779
14.66,50959,42690,49112,44528,0.026,0.345981687
14.67,50974,42454,50031,43805,0.032,0.359678477
14.68,51567,43132,48502,44191,0.009,0.371647745
14.69,50959,43159,49200,44177,0.022,0.376728445
14.7,51480,43830,48444,43722,0.005,0.362202674
14.71,50292,42139,49917,45159,-0.013,0.35834232
14.72,50599,42209,49479,45254,-0.023,0.338980496
14.73,50858,42886,49210,44730,-0.015,0.326685727
14.74,51151,42595,48894,44988,-0.022,0.318237811
14.75,51631,42293,48432,45195,-0.035,0.313262612
14.76,51703,42186,48279,45327,-0.045,0.289301753
14.77,51473,42126,48563,45253,-0.04,0.266992778
14.78,51058,42153,48920,45280,-0.027,0.245358631
14.79,51030,42180,48961,45144,-0.03,0.230922922
14.8,51201,42675,48618,44742,-0.006,0.209604159
14.81,51230,42221,48645,45059,-0.009,0.206244722
14.82,50849,42382,49060,44882,-0.001,0.206483334
14.83,50666,42801,49248,44383,0.008,0.205603853
14.84,51015,42848,48841,44380,0.012,0.194007814
14.85,51218,42958,48604,44277,0.017,0.199113697
14.86,50513,42566,49193,44490,0.021,0.208500445
14.87,50395,42561,49330,44385,0.022,0.220575005
14.88,51209,42690,48410,44192,0.017,0.229148358
14.89,51334,43264,48035,43827,0.025,0.235495433
14.9,51208,43775,48125,43358,0.017,0.208271921
14.91,51399,42207,48288,44583,-0.019,0.207496256
14.92,51358,42644,48631,43829,0.008,0.190781638
14.93,51514,42145,48639,44216,-0.002,0.190953434
14.94,51396,42785,48912,43422,0.027,0.18569991
14.95,51432,42175,48917,44060,0.011,0.194379032
14.96,51374,42842,48956,43386,0.035,0.198141187
14.97,50725,42486,49625,43749,0.022,0.208251476
14.98,51426,41807,48689,44600,-0.012,0.214843333
14.99,51907,42266,48179,44078,0.01,0.21539636
15,51839,42693,48310,43628,0.003,0.206062317
15.01,51034,42720,49210,43801,-0.006,0.200368553
15.02,50553,42489,49644,44194,-0.004,0.185275003
15.03,50837,41678,49464,44989,-0.032,0.18056266
15.04,51652,41527,48633,45388,-0.019,0.174743965
15.05,50687,42710,49726,44343,-0.009,0.15796648
15.06,51165,43080,49088,44175,0.018,0.161923558
15.07,51071,42909,49052,44576,0.023,0.175901696
15.08,52489,42478,47581,44812,-0.022,0.163917035
15.09,51903,42991,48285,44600,-0.05,0.139961958
15.1,51553,42368,48803,45106,-0.062,0.105038233
15.11,52247,42833,48203,44679,-0.017,0.089170314
15.12,51139,43627,49613,43799,0.018,0.075893633
15.13,51292,41350,49835,46046,-0.009,0.090191245
15.14,50849,42973,50172,44690,0.044,0.092482194
15.15,51613,42802,49181,45079,0.01,0.113496259
15.16,50951,42608,49646,45529,0.032,0.124082826
15.17,50640,42775,49844,45469,0.031,0.137638226
15.18,50931,42803,49708,45426,0.017,0.145810992
15.19,51377,42858,49372,45271,-0.004,0.145518914
15.2,51485,42593,49209,45581,-0.01,0.143656462
15.21,51557,42667,49021,45688,-0.024,0.137396485
15.22,51604,43633,48782,44917,-0.013,0.13289699
15.23,50846,43984,49623,44538,0.012,0.136873648
15.24,50994,42723,49158,45857,-0.006,0.124351911
15.25,51424,43676,48505,45058,-0.003,0.128338024
15.26,50945,44682,48896,43972,0.016,0.126454547
15.27,50983,44503,48610,44107,0.001,0.127478734
15.28,51153,44233,48207,44571,-0.023,0.121855624
15.29,50712,42730,48648,45966,-0.019,0.115726091
15.3,51328,43170,47811,45689,-0.06,0.077778481
15.31,50856,43000,48404,45868,-0.052,0.042696178
15.32,50448,43640,48881,45123,-0.002,0.017149594
15.33,50173,42464,49060,46291,-0.022,0.010537371
15.34,50772,43775,48170,45061,0.014,-0.000431015
15.35,50363,43215,49497,44660,0.029,0.008466872
15.36,51067,41993,48552,45917,-0.023,0.015161498
15.37,51647,43625,47939,44321,0.025,0.025815496
15.38,51513,43194,47974,44727,-0.006,0.036576226
15.39,51317,43670,48220,44127,0.015,0.045242377
15.4,51030,42406,48283,45392,-0.025,0.041302897
15.41,50533,43404,48800,44425,0.005,0.033973936
15.42,50404,42779,48780,45079,-0.012,0.028875563
15.43,50387,42614,48763,45168,-0.019,0.017229563
15.44,50247,42383,48691,45224,-0.007,0.01103225
15.45,49937,43407,48993,44247,0.045,0.01555251
15.46,50093,43172,48818,44499,0.039,0.032151356
15.47,50079,42949,49002,44713,0.055,0.05950297
15.48,50270,43187,48676,44612,0.047,0.087131716
15.49,50386,43144,48626,44714,0.039,0.11201483
15.5,50411,43548,48571,44396,0.028,0.13110514
15.51,51252,43789,47637,44186,-0.011,0.150310367
15.52,50726,42766,48275,45222,-0.034,0.130661204
15.53,50823,42283,48324,45605,-0.06,0.113500394
15.54,50932,43317,48042,44680,-0.068,0.076329641
15.55,50761,43192,48090,44580,-0.074,0.034684569
15.56,50333,42866,48716,45015,-0.07,-0.013532274
15.57,50714,42815,48228,44799,-0.062,-0.048795287
15.58,50406,42472,48699,45217,-0.021,-0.071820997
15.59,50151,43122,48878,44801,0.004,-0.081228726
15.6,49897,43417,48921,44491,0.019,-0.080385759
15.61,50069,43606,48767,44218,0.032,-0.06846562
15.62,49873,43357,48829,44575,0.028,-0.082486369
15.63,50337,43470,48509,44306,0.014,-0.073578216
15.64,50353,43084,48443,44735,-0.009,-0.081406489
15.65,50570,43005,48393,44694,-0.012,-0.088986978
15.66,50799,42766,48061,45022,-0.022,-0.102260366
15.67,50527,43257,48349,44679,-0.011,-0.113683462
15.68,50574,42686,48384,45183,-0.013,-0.119659021
15.69,50682,42675,48192,45244,-0.025,-0.126577333
15.7,49999,43435,48662,44780,-0.002,-0.136982217
15.71,50506,43458,48121,44746,-0.019,-0.144345492
15.72,50262,42898,48349,45297,-0.019,-0.169528678
15.73,50264,42642,48468,45592,-0.021,-0.178362176
15.74,50038,43106,48577,45257,0.007,-0.189165533
15.75,50159,43009,48637,45361,0.021,-0.180882141
15.76,50256,43536,48664,45132,0.042,-0.164816558
15.77,50373,43306,48474,45471,0.036,-0.1392086
15.78,50354,44484,47810,45630,0.024,-0.129339844
15.79,50142,43747,48640,45339,0.048,-0.109500438
15.8,49919,44789,47934,45422,0.04,-0.086496308
15.81,49488,44449,48422,45792,0.032,-0.072945654
15.82,49729,43779,48409,46642,0.01,-0.060589146
15.83,50010,43680,48193,46824,0,-0.052489396
15.84,50047,43952,48101,46614,-0.008,-0.055445317
15.85,49937,43482,48204,47057,-0.019,-0.059243377
15.86,50096,44014,47918,46681,-0.038,-0.074766174
15.87,50225,43779,47765,46929,-0.045,-0.098668374
15.88,50116,43829,47954,46881,-0.045,-0.124810107
15.89,50437,43391,47765,47146,-0.046,-0.148502424
15.9,50303,43737,47973,46836,-0.034,-0.179091185
15.91,50201,43621,48338,46813,-0.026,-0.200340822
15.92,51109,43263,47431,46944,-0.042,-0.214522213
15.93,49916,44163,48992,45970,0.026,-0.227076724
15.94,50722,43977,48205,45960,0.017,-0.209845573
15.95,49924,43864,48997,46163,0.018,-0.200899243
15.96,50329,44274,48677,45658,0.049,-0.192125872
15.97,50510,43633,48548,46247,0.028,-0.16763328
15.98,50644,43612,48438,46100,0.026,-0.147215948
15.99,50159,43619,48873,46150,0,-0.138671368
16,50797,43440,47900,46174,-0.011,-0.135886461
16.01,50085,43449,48788,46054,0.002,-0.140743494
16.02,50967,43895,47810,45656,-0.005,-0.138446093
16.03,50187,43712,48480,46051,-0.017,-0.149792075
16.04,50175,43436,48607,46175,-0.001,-0.156158701
16.05,50089,43335,48825,46047,0.02,-0.149753287
16.06,50338,43126,48648,46055,0.028,-0.145039648
16.07,50217,43512,48902,45818,0.036,-0.129796073
16.08,50597,43625,48386,45875,0.033,-0.107516199
16.09,49973,43298,49232,46414,0.042,-0.086133845
16.1,50062,43702,49445,45683,0.071,-0.054656748
16.11,50826,44061,48832,45091,0.071,-0.005746772
16.12,49886,43428,49536,45732,0.068,0.031326145
16.13,50363,43333,49116,45630,0.058,0.074694768
16.14,50653,43205,48817,45529,0.06,0.115885049
16.15,50407,43818,49022,44889,0.051,0.153711617
16.16,50349,43495,48891,44905,0.028,0.181513965
16.17,50172,43203,49081,45122,0.037,0.199269682
16.18,49880,42797,49433,45372,0.021,0.20460847
16.19,49802,42505,49572,45606,0.023,0.220914409
16.2,50546,43328,48781,44746,0.03,0.230630562
16.21,50511,43498,48889,44602,0.022,0.238995209
16.22,50524,42318,48746,45850,-0.002,0.249409661
16.23,50072,42338,49195,45891,0.015,0.257592291
16.24,49712,42974,49440,45326,0.015,0.265287608
16.25,49933,42507,49092,45978,0.021,0.287926614
16.26,50170,42773,48801,45708,0.012,0.305248439
16.27,49942,42747,48996,45746,0.017,0.323363781
16.28,50356,42868,48095,45933,0.001,0.337989241
16.29,50704,43244,47274,45942,-0.023,0.3381387
16.3,49745,43384,48174,45594,-0.027,0.317241073
16.31,50249,42570,47990,46493,-0.056,0.297982395
16.32,49203,42904,48846,46449,-0.047,0.269025922
16.33,49575,43601,48330,46121,-0.03,0.24382171
16.34,49334,43658,48597,46066,-0.023,0.223649308
16.35,49572,43918,48499,45822,-0.003,0.216302469
16.36,49536,43944,48340,46132,-0.005,0.212743133
16.37,49576,44189,48055,46141,0.004,0.211719215
16.38,49083,44224,48375,46288,0.02,0.215953991
16.39,49418,44114,48061,46727,0.005,0.224205911
16.4,48993,44325,48117,46564,0.007,0.225971565
16.41,49411,44497,47466,46563,-0.003,0.231810182
16.42,49709,43313,48193,46564,-0.014,0.228549242
16.43,49857,43380,47904,46647,-0.023,0.228549242
16.44,49399,42475,48384,47531,-0.049,0.225034684
16.45,49099,44397,48665,45835,0.001,0.205064014
16.46,49099,44135,48566,46180,0.006,0.187403336
16.47,49189,43694,48517,46608,-0.012,0.189943731
16.48,48906,44567,48752,45844,0,0.189634606
16.49,48894,44225,48716,46161,-0.012,0.17938818
16.5,49512,44099,48137,46242,-0.022,0.164214477
16.51,49650,43692,48150,46888,-0.034,0.156933188
16.52,48895,44249,48766,46246,-0.01,0.148728281
16.53,49342,44435,48525,46245,-0.022,0.136336476
16.54,49525,44125,48316,46505,-0.034,0.114463411
16.55,49382,44047,48397,46747,-0.049,0.098314911
16.56,49978,44155,47859,46414,-0.056,0.068861566
16.57,49184,42833,48540,47757,-0.062,0.043316215
16.58,49041,43968,48818,46598,-0.035,0.016622266
16.59,49338,44757,48432,45917,-0.023,-0.01376171
16.6,48951,44097,48936,46432,-0.01,-0.043591794
16.61,49204,44147,48748,46408,-0.017,-0.055181064
16.62,49004,43764,49062,46624,-0.003,-0.072931252
16.63,49183,44364,48806,46078,-0.001,-0.079544373
16.64,48717,43632,49355,46636,0,-0.090698808
16.65,49353,43960,48739,46280,0.026,-0.095857799
16.66,48928,42863,49351,47155,0.015,-0.093536817
16.67,49646,44054,48646,46219,0.027,-0.082653649
16.68,49540,43851,48869,46326,0.023,-0.069986694
16.69,49461,43635,49010,46449,0.002,-0.054660071
16.7,50173,44241,48183,45954,-0.01,-0.049591161
16.71,49895,44196,48426,46027,-0.029,-0.054962914
16.72,50159,43770,48246,46255,-0.021,-0.07150951
16.73,49943,43664,48374,46454,-0.03,-0.082408883
16.74,50449,44239,47896,45749,-0.041,-0.09749154
16.75,49445,43489,48922,46358,-0.018,-0.120911285
16.76,49314,43270,48997,46519,-0.021,-0.139229074
16.77,49487,43380,48734,46438,-0.01,-0.151744083
16.78,49599,43483,48463,46110,0.014,-0.159131631
16.79,49646,43351,48342,46211,0.002,-0.154210448
16.8,49698,43574,48194,45876,0.012,-0.146753803
16.81,49372,44105,48299,45467,0.022,-0.136594549
16.82,49578,43334,48090,46062,0.001,-0.128580198
16.83,49527,43569,47914,45979,-0.002,-0.118950874
16.84,49187,44554,48220,45056,-0.006,-0.114267565
16.85,49928,42672,47352,46763,-0.033,-0.13010858
16.86,49242,43601,47747,45835,-0.003,-0.143965885
16.87,49135,43194,48633,46881,-0.005,-0.154826999
16.88,49281,44252,48397,45985,0.005,-0.158522144
16.89,49418,44412,48397,46138,0.038,-0.162913054
16.9,49465,44193,48217,46433,0.011,-0.149485618
16.91,49447,43685,48345,47032,0.009,-0.13766104
16.92,49645,43799,48108,47071,-0.012,-0.127955899
16.93,49539,44699,47516,47031,-0.014,-0.136878416
16.94,49983,44586,47558,46559,-0.04,-0.153473035
16.95,49659,43379,47180,48345,-0.067,-0.178585246
16.96,49886,43097,47499,47889,-0.059,-0.208632559
16.97,49260,44321,48106,46947,-0.036,-0.205529526
16.98,49460,43995,47864,47345,-0.033,-0.25224793
16.99,50195,44489,47065,46968,-0.035,-0.25224793
17,49336,45051,47924,46469,0.008,-0.291439712
17.01,50043,44658,47164,46915,-0.012,-0.291439712
17.02,50180,44525,47053,46888,-0.008,-0.291207582
17.03,49916,44908,47278,46518,0.03,-0.291207582
17.04,47638,44094,49122,46581,0.018,-0.259717017
17.05,49162,44176,47494,46723,0.038,-0.255603582
17.06,49287,44082,47190,46395,0.03,-0.227710992
17.07,49345,43667,47040,46896,0.016,-0.21094209
17.08,48485,43942,47820,46296,0.01,-0.191143587
17.09,49057,44602,46935,45903,0.034,-0.185330719
17.1,49108,44523,46832,46092,0.012,-0.16968058
17.11,49139,44413,46685,46336,0.003,-0.160456076
17.12,48750,43232,46975,47042,-0.003,-0.152355105
17.13,48242,44753,47333,45842,0.018,-0.148550138
17.14,48087,44351,47449,46219,0.055,-0.146993548
17.15,47721,43859,47733,46825,0.054,-0.121823192
17.16,48159,43850,47403,46791,0.035,-0.090537839
17.17,47886,43860,47548,47055,0.033,-0.06480366
17.18,48431,44802,46906,46116,0.041,-0.038564678
17.19,47860,43829,47652,47055,0.025,-0.020101665
17.2,48527,44611,46849,46376,0.016,-0.001547921
17.21,48856,44075,46521,47071,-0.011,0.007694427
17.22,48609,45003,46844,46142,-0.011,0.006526512
17.23,48826,45189,46528,46017,0.009,-0.001740926
17.24,47958,44768,47456,46435,0.017,0.001412223
17.25,48372,44054,47030,47158,0.005,0.01002882
17.26,48369,44680,46944,46638,0,0.026046174
17.27,47774,43998,47585,47265,-0.008,0.027888427
17.28,48318,44109,46968,47288,-0.025,0.023490526
17.29,47714,44122,47858,47509,-0.01,0.017215386
17.3,47845,43863,48000,47884,0,0.011809882
17.31,48212,45060,47641,47102,0.008,0.010727621
17.32,48991,44989,47099,47289,-0.004,0.012284696
17.33,49199,45741,46871,46692,-0.02,0.011772989
17.34,48673,45755,47429,46797,0.009,-0.002390992
17.35,48998,45081,47216,47364,0.011,-0.000979235
17.36,49286,45925,46824,46653,0.027,0.012286131
17.37,49325,46171,46784,46425,0.011,0.027204042
17.38,48640,45233,47454,47397,-0.007,0.0334718
17.39,48999,45577,47340,47148,-0.008,0.030137094
17.4,48786,44866,47451,47944,-0.029,0.02491188
17.41,48476,44626,47618,48222,-0.033,0.009521577
17.42,47850,44787,48172,48148,-0.016,-0.009325216
17.43,48237,44767,48019,48436,-0.014,-0.018340494
17.44,48074,45392,48093,47739,0.016,-0.020287719
17.45,48389,45454,47616,47715,0.014,-0.016164219
17.46,48309,45810,47614,47259,0.026,-0.001286512
17.47,48473,45882,47297,47291,0.051,0.009562225
17.48,48999,46243,46706,46895,0.02,0.036352314
17.49,49405,45947,46340,47332,0.001,0.049990203
17.5,48924,45412,46881,47725,-0.017,0.062936477
17.51,48520,45190,47350,48022,-0.042,0.058204226
17.52,48356,45416,46497,48751,-0.06,0.036664918
17.53,48305,44513,47631,48654,-0.063,0.006059043
17.54,48126,44210,47826,48770,-0.04,-0.025968721
17.55,48276,44990,47546,48258,-0.029,-0.05016581
17.56,48418,45169,47343,48105,-0.018,-0.066007569
17.57,47834,45012,47884,48319,-0.017,-0.076035261
17.58,48104,44822,47471,48484,-0.014,-0.087033711
17.59,48416,45212,47134,48067,-0.01,-0.09217003
17.6,48347,45633,46871,47505,0.012,-0.095208086
17.61,47976,45978,47316,47064,0.027,-0.0876377
17.62,49073,45957,46000,47004,0.016,-0.06868615
17.63,47805,46309,47329,46723,0.036,-0.052077964
17.64,48324,45454,46842,47433,0.02,-0.039354816
17.65,48051,45409,47007,47526,0.016,-0.02417211
17.66,47324,45614,47813,47171,0.014,-0.015501715
17.67,47853,44628,47294,48099,-0.008,-0.014452703
17.68,48202,44750,47005,47929,-0.025,-0.00988532
17.69,47602,44517,47310,48012,-0.018,-0.021937663
17.7,47880,43941,47120,48524,-0.04,-0.035973921
17.71,48239,45239,46738,47343,-0.021,-0.051686175
17.72,47640,44903,47379,47631,-0.005,-0.062655888
17.73,47627,45276,47665,47645,-0.007,-0.050169889
17.74,48293,45632,47169,47409,0.002,-0.05319513
17.75,48110,45890,47509,47278,0.016,-0.04936298
17.76,48105,45512,47647,47489,0.006,-0.044204488
17.77,48350,45274,47403,47855,-0.004,-0.038819946
17.78,48566,45298,47431,47919,-0.022,-0.038411774
17.79,48559,45309,47474,47994,-0.017,-0.045875538
17.8,48679,45447,47632,47908,-0.026,-0.052426867
17.81,48374,45487,48012,47952,-0.012,-0.065589793
17.82,48693,45031,47770,48208,-0.034,-0.072114132
17.83,48098,45480,48329,47926,-0.032,-0.089049064
17.84,48038,46017,48373,47383,-0.018,-0.112722419
17.85,48257,44819,48026,48579,-0.025,-0.130033135
17.86,48363,45719,47999,47735,0.003,-0.1423271
17.87,48696,45291,47696,48056,-0.01,-0.143386751
17.88,49028,45896,47196,47386,0,-0.138823092
17.89,48749,45527,47422,47857,-0.009,-0.136511341
17.9,48432,45375,47496,47891,-0.017,-0.138850302
17.91,48096,45936,47851,47470,-0.015,-0.146105215
17.92,48227,45370,47738,47957,-0.014,-0.158126131
17.93,48239,45136,47719,48081,-0.015,-0.166512921
17.94,47888,45226,47932,48044,-0.008,-0.174366966
17.95,47990,45183,47835,48253,-0.013,-0.177075669
17.96,48497,45873,47203,47603,0,-0.182969749
17.97,48285,45288,47301,48108,-0.023,-0.18393591
17.98,47926,44820,47524,48497,-0.026,-0.184643984
17.99,48647,45424,46760,48137,-0.031,-0.192563489
18,48261,45492,47119,48085,-0.034,-0.203614622
18.01,48044,45455,47291,48161,-0.035,-0.222545713
18.02,48136,45570,47149,47956,-0.044,-0.241689026
18.03,48570,45493,46856,48075,-0.046,-0.269284606
18.04,47447,45510,48003,47885,-0.009,-0.295657754
18.05,47953,44713,47459,48663,-0.022,-0.316124529
18.06,48304,44874,47119,48447,-0.039,-0.323856354
18.07,48219,45192,47119,48202,-0.034,-0.34269923
18.08,48120,44831,47100,48304,-0.042,-0.355779916
18.09,48559,45392,46685,47788,-0.037,-0.377714843
18.1,47834,44475,47438,48565,-0.007,-0.398697078
18.11,48371,45226,46890,47812,-0.007,-0.404643148
18.12,47468,44436,47753,48523,0.013,-0.397008389
18.13,47086,45233,48075,47952,0.025,-0.383883625
18.14,48413,45015,46689,47989,-0.008,-0.377835631
18.15,48137,45271,46914,47875,-0.008,-0.375770867
18.16,47848,45186,47189,47795,-0.009,-0.377837598
18.17,48144,44762,46975,48105,-0.016,-0.38120693
18.18,48034,44664,47023,48056,-0.023,-0.383420438
18.19,48031,45366,47044,47346,-0.011,-0.395465761
18.2,47844,45119,47259,47315,-0.02,-0.40296647
18.21,48099,44449,47038,47891,-0.012,-0.415653586
18.22,47617,44448,47368,47740,0.023,-0.420632303
18.23,47744,44974,47259,47251,0.034,-0.408598423
18.24,47507,44737,47525,47432,0.027,-0.389147103
18.25,47354,45018,47797,47370,0.041,-0.361694604
18.26,47537,44925,47562,47485,0.032,-0.34386453
18.27,47571,44917,47586,47426,0.018,-0.32724914
18.28,47279,44467,47847,47910,0.018,-0.317628831
18.29,47999,44985,47342,47606,0,-0.309047997
18.3,48430,44934,46877,47606,0.011,-0.306166649
18.31,48202,44906,47226,47697,0.03,-0.300453156
18.32,47809,44881,47616,47779,0.03,-0.283966154
18.33,47560,45221,48180,47706,0.048,-0.252575666
18.34,48338,45486,47494,47443,0.04,-0.229247361
18.35,47523,45291,48455,47793,0.025,-0.206359848
18.36,47985,45005,47952,48017,0.027,-0.188869521
18.37,47781,45237,48075,47862,0.04,-0.172257334
18.38,47732,45726,48059,47439,0.012,-0.152544722
18.39,48396,45284,47374,47936,-0.003,-0.147467852
18.4,47428,44697,48250,48447,0.003,-0.145612434
18.41,47817,44910,48013,48544,0.008,-0.13498421
18.42,47625,45708,48212,47760,0.023,-0.126629159
18.43,47809,45202,47961,48243,0.018,-0.117531419
18.44,48262,45188,47581,48199,0.007,-0.106420301
18.45,47888,45166,47994,48244,-0.001,-0.097920008
18.46,48636,45202,47272,48179,-0.02,-0.100711316
18.47,48221,44637,47743,48598,-0.029,-0.109528497
18.48,48994,45508,46903,47827,-0.043,-0.124262199
18.49,47851,44376,48268,48698,0.005,-0.142958105
18.5,48749,44947,47308,48223,-0.033,-0.145959347
18.51,47353,45035,48671,48078,0.02,-0.160606533
18.52,48700,45386,47360,47723,0,-0.155815214
18.53,47571,44989,48956,48367,0.041,-0.132167041
18.54,49135,45016,47373,48269,0.005,-0.110785514
18.55,48133,44503,48625,48647,0.012,-0.098444588
18.56,48399,44712,48435,48474,-0.002,-0.090700343
18.57,49366,45325,47562,47981,-0.023,-0.090050235
18.58,48468,44486,48575,48514,-0.028,-0.099386379
18.59,49017,44417,47955,48649,-0.06,-0.115309834
18.6,49747,44958,47159,47949,-0.062,-0.146573156
18.61,48778,44323,48204,48527,-0.034,-0.176410705
18.62,48743,44610,48222,48214,-0.034,-0.196374685
18.63,49046,44925,47983,47805,-0.013,-0.219165802
18.64,49022,45070,48021,47636,-0.007,-0.229288831
18.65,48910,45088,48046,47462,0.002,-0.236756146
18.66,48743,44430,48297,47954,0.003,-0.248652861
18.67,49019,44508,48215,47885,-0.002,-0.246849537
18.68,48850,44853,48618,47426,0.024,-0.247931615
18.69,49313,44536,48398,47741,0.006,-0.233788431
18.7,49806,44203,48022,47761,0.011,-0.229124635
18.71,49655,44322,48343,48012,-0.015,-0.218782172
18.72,49436,44279,48622,47953,-0.003,-0.224008664
18.73,49622,43686,48573,48533,-0.008,-0.225495532
18.74,49325,45101,48970,47058,0.039,-0.226108193
18.75,49112,45108,49201,47095,0.047,-0.209518105
18.76,48938,44055,49640,47861,0.042,-0.189627856
18.77,49111,44294,49634,47795,0.062,-0.165064901
18.78,48885,45007,49882,47177,0.072,-0.129111901
18.79,49482,44574,49475,47531,0.055,-0.093671106
18.8,49713,44169,49334,47728,0.028,-0.060586035
18.81,49789,43662,49388,48197,0.009,-0.027656848
18.82,49914,44240,48987,47453,0.005,-0.018752158
18.83,49736,43709,49087,48001,-0.016,-0.009093909
18.84,49403,43912,49395,47640,-0.005,-0.015283346
18.85,49535,44470,49084,46967,-0.005,-0.016711753
18.86,49817,44283,48761,46923,0,-0.024061728
18.87,49985,43393,48575,47728,-0.022,-0.043055113
18.88,50054,44244,48336,46736,-0.01,-0.050221711
18.89,49605,44056,48811,46783,-0.004,-0.057462912
18.9,49304,43902,49044,46822,0.002,-0.062577359
18.91,49110,43645,49260,46915,0.012,-0.05985317
18.92,48527,43752,49704,46741,0.036,-0.054342195
18.93,48457,43829,49780,46541,0.052,-0.03838155
18.94,49741,44188,48244,46090,0.035,-0.012706265
18.95,49067,43661,48952,46446,0.049,0.011570415
18.96,48449,43273,49541,46701,0.059,0.040567752
18.97,49136,43023,49086,47041,0.031,0.055513408
18.98,49509,43406,48766,46621,0.026,0.077591173
18.99,49954,43333,48375,46473,0.023,0.095989287
19,50206,43526,48232,46226,-0.006,0.113270707
19.01,50180,43694,48255,46064,0.013,0.11423856
19.02,49247,43277,49055,46527,0.031,0.122798748
19.03,49909,43958,48488,45839,0.017,0.140290707
19.04,50019,43091,48394,46603,-0.004,0.149149507
19.05,50283,44219,48746,44838,0.023,0.151974663
19.06,49379,43417,48966,46238,0.027,0.161885515
19.07,49877,42855,48747,46907,0.018,0.181107044
19.08,49455,43434,49100,46472,0.024,0.194028825
19.09,49484,43706,49039,46106,0.04,0.214183614
19.1,49770,42985,48746,46610,0.005,0.23540996
19.11,49799,43274,48780,46501,-0.027,0.244969144
19.12,49331,43658,49202,46026,-0.011,0.228686377
19.13,49800,43277,48598,46430,0,0.216524526
19.14,49740,43247,48534,46408,-0.028,0.212516502
19.15,49408,42937,48973,46520,-0.01,0.199717909
19.16,50077,43152,48118,46304,-0.022,0.200799316
19.17,49146,44091,48955,45456,0.043,0.190460578
19.18,49179,43790,48909,45672,0.036,0.204609394
19.19,49012,42934,49189,46345,0.067,0.229349419
19.2,49982,42598,48356,46476,-0.02,0.267040044
19.21,48646,42537,49842,46853,0.029,0.24854593
19.22,50319,42698,48040,46576,-0.044,0.25939855
19.23,50339,41797,48080,47293,-0.051,0.244710058
19.24,49338,43941,49082,45326,0,0.221343532
19.25,50389,42334,48019,46701,-0.045,0.212185338
19.26,49823,43396,48554,45807,-0.049,0.188021347
19.27,49648,42721,48703,46457,-0.025,0.157304108
19.28,49816,42843,48559,46352,-0.029,0.144166827
19.29,49475,42563,48904,46662,-0.001,0.133933917
19.3,48957,42697,49446,46495,-0.032,0.131892741
19.31,48845,42681,49546,46479,-0.004,0.111037567
19.32,49484,43075,48852,46197,0.036,0.107883804
19.33,50242,43030,48126,46167,0.005,0.127618894
19.34,49933,43825,48609,45327,0.035,0.136145785
19.35,50640,42099,49287,45343,0.012,0.144491866
19.36,50487,43242,48096,45893,-0.004,0.1518327
19.37,50125,43230,48894,46178,-0.022,0.157747269
19.38,49400,43761,49841,45460,0,0.145585746
19.39,50381,42722,48839,46427,0.005,0.142884925
19.4,49497,43298,49908,45781,0.022,0.148003832
19.41,51024,43679,48536,45400,-0.013,0.152148932
19.42,50252,41615,49640,47380,-0.013,0.149028987
19.43,50005,42510,49966,46622,-0.001,0.141407952
19.44,50233,43099,49803,45996,-0.003,0.134879127
19.45,50798,43018,49290,45988,-0.015,0.128052577
19.46,50528,42212,49570,46553,-0.016,0.119853981
19.47,50873,42986,49259,45915,-0.029,0.107817702
19.48,50337,42113,49898,46652,-0.031,0.093630299
19.49,50884,42783,49319,46045,-0.041,0.07879927
19.5,50408,42249,49732,46471,-0.024,0.057743285
19.51,50810,42827,49451,45795,-0.033,0.046233173
19.52,50920,42666,49137,45794,-0.045,0.02438275
19.53,50847,42738,49223,45615,-0.042,-0.001232526
19.54,51321,42212,48646,46111,-0.021,-0.022889916
19.55,51464,43198,48525,45346,-0.035,-0.037607975
19.56,50602,42260,49298,46083,-0.029,-0.058883671
19.57,51035,42798,48848,45683,-0.021,-0.07480786
19.58,51007,43594,48756,44719,-0.005,-0.084657952
19.59,50658,43658,49111,44768,0.003,-0.089107074
19.6,50643,43519,48890,44611,0.011,-0.089518793
19.61,51179,42520,48354,45571,-0.006,-0.083973534
19.62,50363,42742,49110,45401,0.033,-0.08020106
19.63,51044,43049,48377,45219,-0.008,-0.069817923
19.64,50246,43038,49130,45286,0.036,-0.073948577
19.65,50435,42854,48826,45528,0.029,-0.057979513
19.66,50512,42744,48638,45767,0.012,-0.042869594
19.67,51071,42157,48004,46308,-0.041,-0.026618103
19.68,49889,42800,48969,45750,-0.036,-0.043076061
19.69,49634,42044,49218,46440,-0.03,-0.068738729
19.7,49851,42950,48816,45712,-0.012,-0.089612193
19.71,50181,42839,48442,45890,0.003,-0.102306411
19.72,49978,43856,48549,44726,0.044,-0.101333827
19.73,50048,43308,48461,45362,0.06,-0.075815432
19.74,49445,44679,48434,44901,0.087,-0.038015902
19.75,50258,43931,48755,44386,0.07,0.010016208
19.76,49446,44331,48730,45416,0.066,0.050296739
19.77,49916,44091,48349,45554,0.041,0.084274635
19.78,50134,44341,47856,45594,0.032,0.108955041
19.79,49874,43727,48080,46253,0.004,0.118977271
19.8,49783,44038,47918,46306,-0.001,0.11917109
19.81,49579,43756,47875,46810,-0.001,0.115127437
19.82,49462,43774,47960,46846,-0.002,0.112774499
19.83,49018,44702,48199,46305,0.035,0.111275807
19.84,49176,43990,48003,47036,0.03,0.129783139
19.85,49005,44253,48046,47234,0.053,0.156340957
19.86,48759,44823,47936,46678,0.054,0.185612336
19.87,48805,44486,47703,47099,0.048,0.217595562
19.88,48764,44851,47497,46886,0.041,0.246407032
19.89,48539,44878,47525,47022,0.024,0.26782921
19.9,48690,44261,47172,47759,-0.003,0.281670451
19.91,48508,45180,47360,46897,0.008,0.2816329
19.92,50106,43884,47534,46189,-0.023,0.236432776
19.93,49348,43539,48284,46569,-0.015,0.222509667
19.94,49202,43556,48444,46651,0.003,0.215040281
19.95,49353,44264,48296,46160,0.021,0.217934921
19.96,49123,44166,48645,46218,0.058,0.243994787
19.97,49392,44672,48345,45936,0.048,0.269083053
19.98,49619,44118,48144,46554,0.041,0.299528003
